"startDateTime","endDateTime","tempSingleMean","tempSingleMinimum","tempSingleMaximum","tempSingleVariance","tempSingleNumPts","tempSingleExpUncert","tempSingleStdErMean","finalQF"
"2015-11-01T00:00:00Z","2015-11-01T00:30:00Z",11.98166766459607224248884449480101466178,11.08708565606431584171787108061835169792,12.65295237705969633168479049345478415489,0.1333678052654589663017503653463791124522,1800,0.0251832558203354886505742626923165516927,0.008607742163162020176958577621917356736958,1
"2015-11-01T00:30:00Z","2015-11-01T01:00:00Z",11.65735116372480995039495610399171710014,11.02509109176691914910861669341102242469,12.17511335097900548873894877033308148384,0.0616258803764534804359165320875035831704,1800,0.0218265543302547486426146150506610865704,0.005851205021971185235574175464989821193739,1
"2015-11-01T01:00:00Z","2015-11-01T01:30:00Z",12.42174880104698608818125649122521281242,11.87746772103353976035577943548560142517,12.90248872761049092616758571239188313484,0.1001785887365493898926160909468308091163,1800,0.0237085401791852744268762620549750863574,0.007460212565356647701486636492518300656229,1
"2015-11-01T01:30:00Z","2015-11-01T02:00:00Z",10.45716769044290472834290994796901941299,9.37617563999803316221459681401029229164,12.69767364857553992862904124194756150245,0.8663687831867844524325050770130474120378,1800,0.0472992058599328996093547061718709301203,0.0219389149836386569691892844957692432217,1
"2015-11-01T02:00:00Z","2015-11-01T02:30:00Z",11.61807345066580055004124005790799856185,9.43223615000920645456972124520689249038,12.83989197202324028523889865027740597724,0.5991415093173385608693592985218856483697,1800,0.0406584767442267833170710389367741299793,0.0182443523882101117650211818954630871303,1
"2015-11-01T02:30:00Z","2015-11-01T03:00:00Z",11.20239136009936764537542330799624323844,9.62103551246412358466386649524793028831,12.66922204006851515600828861352056264877,0.6280176816474002388090980275592301040887,1800,0.0414238120443711291263078067004244076088,0.0186788305850857129508657550331918173469,1
"2015-11-01T03:00:00Z","2015-11-01T03:30:00Z",10.55495316523724369517367449589073657989,9.32538766767883942065964220091700553894,12.3055607870279128945867341826669871807,0.4224879783229573138036982982157496735453,1800,0.0355778543261738508518554624515672912821,0.0153204289598155192486661491102495347149,1
"2015-11-01T03:30:00Z","2015-11-01T04:00:00Z",10.52908274689523437928073690272867679595,9.37978820484581987670935632195323705673,11.60958072762279691403364267898723483085,0.3253579580684453076422357753472169861197,1800,0.0324353667443036189355076714946335414424,0.0134444940830488763455763390197716944385,1
"2015-11-01T04:00:00Z","2015-11-01T04:30:00Z",9.57361907451358007392627769149839878082,8.1414363246707424082160287071019411087,10.37470721464344158846415666630491614341,0.4009688427867866833409493665385525673627,1800,0.0348576569382845688482852608558459905907,0.0149251622508729010763151023866157629527,1
"2015-11-01T04:30:00Z","2015-11-01T05:00:00Z",9.5810289235974561705688756774179637432,8.16926093823342469590897962916642427444,10.51846239101718438746502215508371591567,0.3632321509597745134989565940486500039696,1800,0.0336571760547508674887851043422415386885,0.0142054792042400641199906274891873181331,1
"2015-11-01T05:00:00Z","2015-11-01T05:30:00Z",9.97393788558544258648907998576760292053,8.10451381147216842748548515373840928077,11.8166721082831518430111827910877764225,0.884983074647756384756291936355410143733,1800,0.04770996051804037713095496542337059509,0.022173345793839907558187007907690713182,1
"2015-11-01T05:30:00Z","2015-11-01T06:00:00Z",12.28823407662222422231934615410864353179,10.90216353704615492858920333674177527427,13.81020193402436468943506042705848813056,0.5791794588703386148509366648795548826456,1800,0.0401412177574635084531529116702586179599,0.0179378473078314754074469306033279281109,1
"2015-11-01T06:00:00Z","2015-11-01T06:30:00Z",11.27192750948448818348879285622388124465,10.92970008058625985825074167223647236824,12.16531924831509492435088759521022439002,0.096500595658875615301397488110524136573,1800,0.0235083843859515383145630806893677799962,0.007321983476675474923622832790215397835709,1
"2015-11-01T06:30:00Z","2015-11-01T07:00:00Z",12.0699691668001669597742875339463353157,11.52013384360287773233721964061260223388,12.43468098206974303820970817469060420989,0.037618749148416071037548391586824436672,1800,0.0206008414034873667264324836878586211241,0.004571575776737532396942764734149022842757,1
"2015-11-01T07:00:00Z","2015-11-01T07:30:00Z",11.5998336361258527205109203350730240345,10.82995489875039396565625793300569057464,11.99349177070022953728312131715938448905,0.1338252884774398521194882505369605496525,1800,0.0251781372608772292809309334415956982411,0.008622492823277186704822305785000935429707,1
"2015-11-01T07:30:00Z","2015-11-01T08:00:00Z",11.11963309218566386959992087213322520256,10.52287792950196099184267950477078557014,11.6872031695375575566231418633833527565,0.1084411550871406809681829486180504318326,1800,0.0240384091705177632691814437748689670115,0.007761770813385472991829949762632168130949,1
"2015-11-01T08:00:00Z","2015-11-01T08:30:00Z",11.9546905257358524465871596476063132286,11.14481872775352400140036479569971561431,12.54822419906211727891331975115463137626,0.2073951881228850713245748238477972336113,1800,0.0282113465326920831444112991448491811752,0.0107340369366403041301305520960340800229,1
"2015-11-01T08:30:00Z","2015-11-01T09:00:00Z",12.03970140714253211911000107647851109504,11.16596584042490469812491937773302197456,12.9915647574571586631009267875924706459,0.229470573362515778415016143298998940736,1800,0.0290689201790861918850428224914139718748,0.0112908658599801068472823217803124862257,1
"2015-11-01T09:00:00Z","2015-11-01T09:30:00Z",10.59141073416419764896545530064031481742,9.61218648934898567404161440208554267883,11.35082403960612396076612640172243118286,0.2813963487974133759195183301926590502262,1800,0.0309099559630092203532658601261573494412,0.0125032517725370898031833633012865902855,1
"2015-11-01T09:30:00Z","2015-11-01T10:00:00Z",10.72386611923650789890416490379720926284,9.75116204357650850909067230531945824623,11.60443859026123725186607771320268511772,0.2948090079422897580307960652135079726576,1800,0.0313885093280796625969664148669835412874,0.012797764734130759323171844243915984407,1
"2015-11-01T10:00:00Z","2015-11-01T10:30:00Z",12.0884705768740694509233435383066534996,11.27219284407214416887654806487262248992,13.08562892781953834742125764023512601852,0.1584505953197660743647645631426712498068,1800,0.0262654714548129254725328252106919535435,0.009382329588699235209392490730806457577273,1
"2015-11-01T10:30:00Z","2015-11-01T11:00:00Z",11.41858822136951268078064458677545189857,10.5812460910034236150067954440601170063,12.34206366536426102697987516876310110092,0.2455334528138704563993144347477937117218,1800,0.0296460391000764808544509776311315363273,0.0116793610178589652576208735013096884358,1
"2015-11-01T11:00:00Z","2015-11-01T11:30:00Z",12.04867978816835716315836180001497268676,10.33320488872991482764973625307902693748,13.19459943633562204468034906312823295593,0.9517639572497054167854457773501053452491,1800,0.0492433579341607571833172585229476680979,0.0229947331801787641092360559014196041971,1
"2015-11-01T11:30:00Z","2015-11-01T12:00:00Z",10.33209795781165318828698218567296862602,9.4346582241628542675471180700697004795,11.8098667214092927224555751308798789978,0.3821755421738552427335378069983562454581,1800,0.0343028190370877755777101469902845565229,0.0145711957523101641454044141710255644284,1
"2015-11-01T12:00:00Z","2015-11-01T12:30:00Z",9.737176440657817622081893205177038908,9.09137214503280688404629472643136978149,10.24570989368376494610402005491778254508,0.0663438887471060612099904574279207736253,1800,0.0219784284256984464855921856951681547798,0.006071055589484787053111691790263648726977,1
"2015-11-01T12:30:00Z","2015-11-01T13:00:00Z",10.24337649083943624361836555181071162223,7.61678426478653491926706919912248849868,13.07158717870862574272905476391315460205,2.39886462955559265353144837717991322278,1800,0.0747609887754322605113443955815455410629,0.0365061990896796764727305628639442147687,1
"2015-11-01T13:00:00Z","2015-11-01T13:30:00Z",12.37062604815766242438712652074173092842,11.18377000061764725558077770983800292015,13.29956443000371457685560017125681042671,0.3741594670829364588371390709653496742248,1800,0.034088101810812412861828590848745079711,0.0144175715916943295025198779057973297312,1
"2015-11-01T13:30:00Z","2015-11-01T14:00:00Z",13.57913418484186784951361914863809943199,12.95303968072698452829172310885041952133,14.15590037935884559772148350020870566368,0.0876440908399896134728379593070712871849,1800,0.0231751476645058393510900884848524583503,0.006977905242819796780007202130491350544616,1
"2015-11-01T14:00:00Z","2015-11-01T14:30:00Z",12.72869948186916033705529116559773683547,11.67484842653193943817768740700557827949,13.32876514530894063170762819936498999595,0.0858571269765624894843014658363244961947,1800,0.0230562898647177078048642329122230876237,0.006906403106962989875416969454136051353998,1
"2015-11-01T14:30:00Z","2015-11-01T15:00:00Z",10.51560531290119371305991080589592456817,9.31896146156521609782430459745228290557,13.09192697252451154099617269821465015411,1.13338701190852098044103968277340754866,1800,0.053121433209733268099306258136493852362,0.0250930159817485745610277092509932117536,1
"2015-11-01T15:00:00Z","2015-11-01T15:30:00Z",10.61085957848016114724032377125695347785,9.91458319259430709280422888696193695068,12.00948384823146852795616723597049713134,0.2486998536847542240479924657847732305526,1800,0.0297519375530629452686337543809713679365,0.0117544283306513456383024518459023965988,1
"2015-11-01T15:30:00Z","2015-11-01T16:00:00Z",12.32815279064385904916889558080583810806,11.86276771753584036162010306725278496742,13.22289942015304120559449074789881706237,0.167741391660092248327984520983591210097,1800,0.0266543612532391949176968637402751483023,0.009653479270883870422270689459764980711042,1
"2015-11-01T16:00:00Z","2015-11-01T16:30:00Z",13.63230942937092748934446717612445354461,13.12118215756494521428976440802216529846,14.85950884805738247962381137767806649208,0.2277150731681107098669514243738376535475,1800,0.0290645883410473142294261350571105140261,0.0112475941419613693905699136621478828601,1
"2015-11-01T16:30:00Z","2015-11-01T17:00:00Z",14.434165632820192826102356775663793087,13.88457366805837800427525507984682917594,14.93836552998179634244024782674387097358,0.15947093647515531156244605881511233747,1800,0.0263754704081271551530107899452559649944,0.009412489825142953542291834878597001079469,1
"2015-11-01T17:00:00Z","2015-11-01T17:30:00Z",14.26171869785824952714392566122114658355,13.98954112428820373281723732361570000648,14.93145850254251882915923488326370716094,0.0344834188501454766417886332874331856146,1800,0.0205506278895410988971637067379560903646,0.004376922996437964362426153996921129873953,1
"2015-11-01T17:30:00Z","2015-11-01T18:00:00Z",16.15249601305450966037824400700628757476,14.8214302862382094616577887791208922863,18.08156347427838284147583181038498878479,0.487989567200424800841318528910051099956,1800,0.037685170026238931639817053564911475405,0.0164652760411523949035661473772051976993,1
"2015-11-01T18:00:00Z","2015-11-01T18:30:00Z",18.47834812003835835980680712964385747909,17.56185356932716246092240908183157444,19.37354276114697881894244346767663955688,0.1740775384096034106296002619274077005684,1800,0.0271336634679865962294087466943892650306,0.009834111223740088503220135862648021429777,1
"2015-11-01T18:30:00Z","2015-11-01T19:00:00Z",18.37061128596124959244662022683769464492,17.67669808340534487456352508161216974258,19.43957992158774672475374245550483465194,0.1354190161794194546818204116789274848997,1800,0.0255308934647924118399586745908891316503,0.008673683575410399623772939037280593765899,1
"2015-11-01T19:00:00Z","2015-11-01T19:30:00Z",17.88743971565805779277980036567896604537,17.56606592430506808000245655421167612075,18.24308562084924290047638351097702980041,0.0191649064777952848892539350345032289624,1800,0.0198810865139574972915159634112569619901,0.003263000193907720884733958399692710372619,1
"2015-11-01T19:30:00Z","2015-11-01T20:00:00Z",17.36789365039596688689016446005553007125,17.08495682440209861852054018527269363403,18.04705058479012791394779924303293228149,0.0671679150008565872820298636725055985152,1800,0.0223572834562600804286791600361539167352,0.006108642102285025132779594514431664720177,1
"2015-11-01T20:00:00Z","2015-11-01T20:30:00Z",18.88707979539459103079934720881283283233,17.71175628142690072763798525556921958923,20.16074885727510235255977022461593151092,0.2834154697217008966880769094132119789719,1800,0.0312551485975971626851688256465422455221,0.0125480292769134960800814226900001813191,1
"2015-11-01T20:30:00Z","2015-11-01T21:00:00Z",19.51042805530234502953135233838111162185,18.45993858512197505206131609156727790832,20.58257677247588901536801131442189216613,0.2500198747587181191676108937826938927173,1800,0.0300779941159440220022069922833907185122,0.011785581463021246179101453321891312953,1
"2015-11-01T21:00:00Z","2015-11-01T21:30:00Z",20.03307554457525085922497964929789304733,19.38808258158443464935771771706640720367,20.82011334337926200532820075750350952148,0.1189692724034655813003524826854118146002,1800,0.0248711032586563692003966963284256053157,0.00812982412012385087518584469989946228452,1
"2015-11-01T21:30:00Z","2015-11-01T22:00:00Z",19.99789304782404997240519151091575622558,19.60399175149183292887755669653415679931,20.67937761547280217655497835949063301086,0.0477443419668188290261312545226246584206,1800,0.0215067137394393953497839788724377285689,0.005150207221657246772772431597786635393276,1
"2015-11-01T22:00:00Z","2015-11-01T22:30:00Z",19.07672867707138664172816788777709007263,18.78299126813575270489309332333505153656,19.91438378063262248929277120623737573623,0.0625385226987083819860657740719034336507,1800,0.0222122450131347799751058147421645116992,0.005894372207581113909391490324196638539433,1
"2015-11-01T22:30:00Z","2015-11-01T23:00:00Z",18.82198722149811587200929352547973394393,18.24269536156850080033109406940639019012,19.08175879375536254656253731809556484222,0.0220093745537440731163680851523167802952,1800,0.0200778317670864889232795746920601231977,0.003496774271758987077951541522224943037144,1
"2015-11-01T23:00:00Z","2015-11-01T23:30:00Z",16.95952825130009600229641364421695470809,16.15926939389330740937111841049045324325,18.24040258926686419727047905325889587402,0.2360838370160179555679036411675042472779,1800,0.0294891947007724641860448855368304066359,0.0114524096691971805084264701690699439495,1
"2015-11-01T23:30:00Z","2015-11-02T00:00:00Z",15.21415615410126953577218955615535378456,13.55738653823722650315630744444206357002,16.18295697444921188434818759560585021972,0.4650668059913001806116028546966845169663,1800,0.0369641861534466681371569052316772285848,0.0160739058032870335557262819747847970575,1
"2015-11-02T00:00:00Z","2015-11-02T00:30:00Z",14.37480951751720503750675561605021357536,13.48834205293592525265466974815353751182,15.90025709007913690129498718306422233581,0.2553210885792783768621916351548861712217,1800,0.0301185944279102058018793286464642733335,0.0119098719225149609485248092255460505839,1
"2015-11-02T00:30:00Z","2015-11-02T01:00:00Z",15.07389409889401044040369015419855713844,14.29544840816575934638876788085326552391,15.88966890814087840055890410440042614936,0.1546310221005656460047106293131946586072,1800,0.0262091454069404601601167570379402604885,0.009268555625835296282732933548231812892481,1
"2015-11-02T01:00:00Z","2015-11-02T01:30:00Z",13.56680677068402296470139845041558146476,11.68182774864342299281361192697659134864,15.51019313126937149149853212293237447738,1.52756876522755224989680300495820119976,1800,0.0607333335848061900419381231586157809942,0.0291315861911998694178116409148060483857,1
"2015-11-02T01:30:00Z","2015-11-02T02:00:00Z",11.12614415959454383653337572468444705009,8.97742622744013551994157751323655247688,13.26361698034127201140108809340745210647,1.90408012342278221140645655395928770303,1800,0.0671384682822886991182542715250747278332,0.032524180094053632694706124084405018948,1
"2015-11-02T02:00:00Z","2015-11-02T02:30:00Z",9.25458716640113188134364463621750473976,7.05952588957876159270199423190206289291,14.01491239483113915298417850863188505172,3.24745502986347212015516561223194003105,1800,0.0862943752280056070036451387750275898724,0.0424751890314508731560927401460503460839,1
"2015-11-02T02:30:00Z","2015-11-02T03:00:00Z",10.42560877542238806370278325630351901054,4.64883673104120731522925780154764652252,14.04089155663867494183705275645479559898,6.56157192766043095843997434712946414947,1800,0.1212192616574343240198885496283764950931,0.0603764667531077672824046942423592554405,1
"2015-11-02T03:00:00Z","2015-11-02T03:30:00Z",8.10671940591135431475322548067197203636,5.7286273791311952408022989402525126934,11.22358251655827032777779095340520143508,1.95871541559822359701570348988752812147,1800,0.0679938223327369584136903313265065662562,0.0329875011313058089101879488680424401536,1
"2015-11-02T03:30:00Z","2015-11-02T04:00:00Z",6.92387399151279137043957234709523618221,5.28838093573472001196478231577202677726,8.6009297515916660614720967714674770832,0.5714302994031168481114946189336478710174,1800,0.0398054966563096759846196448506816523149,0.0178174430670109337770945501233654795214,1
"2015-11-02T04:00:00Z","2015-11-02T04:30:00Z",7.54948203955750152260861796094104647636,5.82973495937215169249157042941078543663,9.89184148649797023722385347355157136917,1.00554979023254542624954410712234675884,1800,0.0503611571599410848265598872330883750692,0.0236355404497425071463911905311761074699,1
"2015-11-02T04:30:00Z","2015-11-02T05:00:00Z",7.70094179139162182679001489304937422275,6.48117135134289945597174664726480841636,9.21782085208028689748971373774111270904,0.4962132391511914208948041959956753998994,1800,0.0376981818349230515807768426839174935594,0.0166034340348815145915750690619461238384,1
"2015-11-02T05:00:00Z","2015-11-02T05:30:00Z",9.8162465867858266221901430981233716011,7.61037946371574669512938271509483456611,12.02919154978105886755201936466619372367,1.41857501631640081640739481372293084859,1800,0.0586814173929603583035330416350916493684,0.0280730695024054913155886481490597361698,1
"2015-11-02T05:30:00Z","2015-11-02T06:00:00Z",9.42338094919217006406597647583112120628,6.13744571019165441327913868008181452751,11.68374424655591603539050993276759982109,1.58439084250734962822093621070962399244,1800,0.0616883978488084877556119067776307929307,0.0296684535277170341460717395420942921191,1
"2015-11-02T06:00:00Z","2015-11-02T06:30:00Z",7.63207128600833684117787925060838460922,5.41530050667044804413308156654238700866,10.55185825612051608857200335478410124778,2.06719583357606717655130523780826479196,1800,0.0697073287542606528921496078510244842618,0.0338886725878202801909289121340407291427,1
"2015-11-02T06:30:00Z","2015-11-02T07:00:00Z",8.44569517451035522981328540481626987457,4.66192313984167405749303725315257906913,11.50832546655297150550723017659038305282,2.59802657611623688538315946061629801988,1800,0.0775999507902581514562356801434361841529,0.0379914213717038179440876888293132651597,1
"2015-11-02T07:00:00Z","2015-11-02T07:30:00Z",7.89684813955488262848803060478530824184,5.54519408003041469612526270793750882148,10.43010169968312084165518172085285186767,1.42659887957189202012386886053718626499,1800,0.0588049147035399760730101093031407799571,0.0281523521769584186835722050545882666483,1
"2015-11-02T07:30:00Z","2015-11-02T08:00:00Z",7.82531338031798284760043316055089235305,5.82914931573506933659700735006481409072,10.6075094275603465376889289473183453083,1.24084243903020419175220467877807095646,1800,0.0552461777925699129565551004361623199656,0.0262556072215505142963820617296732962131,1
"2015-11-02T08:00:00Z","2015-11-02T08:30:00Z",7.08492240429709241311684309039264917373,5.16581315120824768882812350057065486907,8.40496618345651569370602373965084552764,0.7330151432385726417706450774858240038156,1800,0.0440166405524663600923318540480977389961,0.0201799562718193298271884827954636421054,1
"2015-11-02T08:30:00Z","2015-11-02T09:00:00Z",7.59680124579419047137207599007524549961,6.59422608839170720784750301390886306762,8.9477180234554722915163438301533460617,0.549557549582488258366197442228440195322,1800,0.0392083940394006014162897599817370064556,0.0174731150562242032453497131427866406738,1
"2015-11-02T09:00:00Z","2015-11-02T09:30:00Z",8.26325285677316934140890225535258650779,7.87230374853921510691634466638788580894,8.86280095542819346121632406720891594886,0.0505775431219797691473338829837302910163,1800,0.0211178711097269010410482081852023839019,0.005300814566438495113731566021897378959693,1
"2015-11-02T09:30:00Z","2015-11-02T10:00:00Z",8.13646006520229825298429204849526286125,7.61826839953942958061361423460766673088,8.82008729841537331139988964423537254333,0.0726173930728103850240628958090383093804,1800,0.0222279345944858784667186313299680477939,0.006351613665168979669384263786469091428443,1
"2015-11-02T10:00:00Z","2015-11-02T10:30:00Z",7.52120797624230252864663270884193480014,4.75486147753930943338218639837577939033,8.85411021766012673595014348393306136131,1.41161451152081074411626104847528040409,1800,0.0585002211323777387974587327335029840469,0.0280041119155424768349949005141752422787,1
"2015-11-02T10:30:00Z","2015-11-02T11:00:00Z",8.94219270073244487662122992333024740219,8.07180932905948367306336876936256885528,9.49576116661771507665434910450130701065,0.1017726981036399663826941264233028050512,1800,0.0236455226383953318047836944515438517555,0.007519334268095517054275589430289983283728,1
"2015-11-02T11:00:00Z","2015-11-02T11:30:00Z",7.64645815639404702324100071564316749572,4.52639108571282555715242779115214943885,9.38731034114341689189586759312078356742,1.70628151259991089894185734010534361004,1800,0.0637782124343029832580498350580455735325,0.0307885396481648171418399329013482201844,1
"2015-11-02T11:30:00Z","2015-11-02T12:00:00Z",7.11352639757693516742165229516103863716,5.45496328666791541195379977580159902572,8.39766395414564748023167339852079749107,0.3387025336007902787116563558811321854591,1800,0.032789702884344157363116778469702694565,0.0137174368678212345307176889264155761338,1
"2015-11-02T12:00:00Z","2015-11-02T12:30:00Z",6.82429230506481765416992857353761792182,5.14275551985201317961582390125840902328,8.90654939354051222721864178311079740524,1.11575972339179174674939076794544234871,1800,0.0526820334173494220220135275667416863143,0.0248971185681283180279876887652790173888,1
"2015-11-02T12:30:00Z","2015-11-02T13:00:00Z",5.57344723278054843262907525058835744857,4.53081865816790241296985186636447906494,7.20816467745589406490580586250871419906,0.5848137930701722275728116073878481984138,1800,0.040138946473004193105094117299813660793,0.0180248870095113533640329706031479872763,1
"2015-11-02T13:00:00Z","2015-11-02T13:30:00Z",5.54676949967134369501309265615418553352,4.53007732054262390875010169111192226409,6.22180059536106888629092281917110085487,0.2302795147765891725644138432471663691103,1800,0.0288790093717094971392800317744331550784,0.0113107499205301036820925375536717183422,1
"2015-11-02T13:30:00Z","2015-11-02T14:00:00Z",5.16593868639176623247522002202458679676,3.81629912909167678947142121614888310432,6.23066053479393211489423265447840094566,0.6171134291242292846391137572936713695526,1800,0.0409871383623378049421148716646712273359,0.0185159605194520002213742770891258260235,1
"2015-11-02T14:00:00Z","2015-11-02T14:30:00Z",7.76768718406237734797059601987712085247,4.75326109664724683057102083694189786911,8.81719724873702581646739417919889092445,0.9349770972644784183813726485823281109333,1800,0.0487841317157382756142247615116502856835,0.0227910447479374653201311673456075368449,1
"2015-11-02T14:30:00Z","2015-11-02T15:00:00Z",9.09615717873105822377510776277631521224,6.82696330067556900189629232045263051986,10.72212146453612469088056968757882714271,0.5986299048734463612575495972123462706804,1800,0.0405950893868001344566565080640430096536,0.0182365613363412587544232223990547936409,1
"2015-11-02T15:00:00Z","2015-11-02T15:30:00Z",11.49736217406801230822566139977425336837,10.72403481686741777423321764217689633369,12.40371000188651429141373228048905730247,0.148982056496100717657427026097138877958,1800,0.025843100111497544629779454794515913818,0.009097681526878174593231385358649276895448,1
"2015-11-02T15:30:00Z","2015-11-02T16:00:00Z",12.25019100530565907547497772611677646636,11.54597459061980835315353033365681767463,12.75312952192263260542404168518260121345,0.0598832223668173749264731497987668262794,1800,0.0217644448750428029515369132695923326537,0.005767881488939773093616025789742707274854,1
"2015-11-02T16:00:00Z","2015-11-02T16:30:00Z",12.650420669616805113832924689631909132,12.12142810209974719271031062817201018333,13.4822790697714989249789141467772424221,0.0751893105345761703084406235575443133711,1800,0.0225512351914089435866994648449690430425,0.00646311373765583955380842340332492312882,1
"2015-11-02T16:30:00Z","2015-11-02T17:00:00Z",13.4257943931175933727217852720059454441,12.54362898174156626396325009409338235855,14.30122062568395335802051704376935958862,0.1514693279175255147261935917413211427628,1800,0.026018079738147289331484657282089756336,0.009173310559489823018397558485048648435622,1
"2015-11-02T17:00:00Z","2015-11-02T17:30:00Z",14.21602442827545687009660468902438879013,13.40719389923049575941149669233709573745,15.46361320456310473048233689041808247566,0.1804189291216515000915165956030250526964,1800,0.0272486432236527173489371023151761619374,0.0100116301570182617691751048027981596533,1
"2015-11-02T17:30:00Z","2015-11-02T18:00:00Z",15.47150949132355179926889832131564617156,14.75304288677536312945903773652389645576,16.46401680198963646262200199998915195465,0.1392215439731520065791414708655793219804,1800,0.0255799669691831356443945111323046148754,0.008794617797682095089450982072776241693645,1
"2015-11-02T18:00:00Z","2015-11-02T18:30:00Z",16.49318976720951113179580715950578451156,16.00012435229170648653962416574358940124,17.11822468368577787600770534481853246688,0.0494352648596497884492251273513829801231,1800,0.0214303557176178591237025727878062753006,0.005240614089316133691887067413972545182332,1
"2015-11-02T18:30:00Z","2015-11-02T19:00:00Z",16.61577146735632126706150302197784185409,16.04179886222648576676874654367566108703,17.49150986774723293137867585755884647369,0.0773513315264404838211831361149961594492,1800,0.0228261667052639949382353279361268505454,0.006555376568827576098941189997049150406382,1
"2015-11-02T19:00:00Z","2015-11-02T19:30:00Z",16.8201059475169500956326373852789402008,16.18434765032024813535826979205012321472,17.42042078495106949276305385865271091461,0.0657714178862004589243284158328606281429,1800,0.0222614546409305828766900248183446819894,0.006044805753987856841713544042704597814008,1
"2015-11-02T19:30:00Z","2015-11-02T20:00:00Z",17.04156200843445745363169407937675714492,16.43394540013399662825577252078801393508,17.75012385215993049314420204609632492065,0.0665264253453306531049804561916971579194,1800,0.0223129096979144507517656137451922404579,0.006079401713314424790524093111798720201477,1
"2015-11-02T20:00:00Z","2015-11-02T20:30:00Z",17.31485930054738275885028997436165809631,16.71808397503446030896157026290893554687,18.11699843448471725082526972983032464981,0.0917085389771500752997823724399495404213,1800,0.0235297760630571207995931359846508712507,0.007137870012870711593222505797484700451605,1
"2015-11-02T20:30:00Z","2015-11-02T21:00:00Z",17.58614003763819866321682638954371213912,17.15135686297178452264233783353120088577,18.07249555668543905539991101250052452087,0.0416510354764852847031519900156126823276,1798,0.0210760190962115262491849421166989486664,0.004813024336978314991764005270624693366698,1
"2015-11-02T21:00:00Z","2015-11-02T21:30:00Z",17.7422417779618442068567674141377210617,17.20841822501620654861653747502714395523,18.40587158847388593585492344573140144348,0.0524157674743553209095736633571505080908,1800,0.021639987287243082902943314138610730879,0.005396283055871540015879794793818291509523,1
"2015-11-02T21:30:00Z","2015-11-02T22:00:00Z",17.95609294069517147818260127678513526916,17.57017817388551605972679681144654750823,18.53669235310379903580724203493446111679,0.0389203531290346210758102074578346218913,1800,0.0209531143409471057315052178182668285444,0.004649991226337877280039290184276978834532,1
"2015-11-02T22:00:00Z","2015-11-02T22:30:00Z",18.01456609999125646481843432411551475524,17.67554291764874818682073964737355709075,18.36226586952645334349654149264097213745,0.0187553348088626871403850060460172244347,1800,0.0198644120837314849814525530291575705632,0.003227945236426442085497789946657576365396,1
"2015-11-02T22:30:00Z","2015-11-02T23:00:00Z",17.75405520647933954592190275434404611587,17.41528970125754582909394230227917432785,18.15689854152434179468400543555617332458,0.0218929852459277297926920624604463228024,1800,0.0200263580295045803825182417767791775986,0.003487516248144367000255661181995492370333,1
"2015-11-02T23:00:00Z","2015-11-02T23:30:00Z",16.8794559189686204092595289694145321846,15.91454747189506591098506760317832231521,17.41464286188346122230541368480771780014,0.2095708208000748029586901566290180198848,1800,0.0284609016523231193873666455829152255319,0.0107901915542690587934693269289709860458,1
"2015-11-02T23:30:00Z","2015-11-03T00:00:00Z",15.81162836947834726686323847388848662376,14.9926091760197142122024160926230251789,16.4634881956448921869196055922657251358,0.1605707199760493530948934903790359385311,1800,0.0264767870495699435273717625705103273503,0.009444890446280974904968985583764151670038,1
"2015-11-03T00:00:00Z","2015-11-03T00:30:00Z",15.14969983506622952518227975815534591674,14.45192514181070464474032633006572723388,15.94778248074243265364202670753002166748,0.1348233878912680205885976647550705820322,1799,0.025374794136685460688163118447846500203,0.00865699240205785279511641050476100645028,1
"2015-11-03T00:30:00Z","2015-11-03T01:00:00Z",12.98493654756663140403816214529797434806,11.63682881537332214350044523598626255989,14.84944992823623444166969420621171593666,0.7526572390493780906339793546067085117101,1800,0.0446394343682823060981412766068388009443,0.0204485429941350070615069256518836482428,1
"2015-11-03T01:00:00Z","2015-11-03T01:30:00Z",12.88380549747876813171387766487896442413,12.22064787183370881962218845728784799575,13.56906415805633159266108123119920492172,0.0686487693762161260702114873311074916273,1800,0.0222355949814339939885066144142911070957,0.00617561375160469074735436478817973693367,1
"2015-11-03T01:30:00Z","2015-11-03T02:00:00Z",11.68643679998160855859623552532866597175,10.81834634284147078631121985381469130516,12.29635056568204554139356332598254084587,0.1348305793132848484638941499724751338362,1800,0.0252332001628300973961049891158836544491,0.008654818160785894901043668880902259843423,1
"2015-11-03T02:00:00Z","2015-11-03T02:30:00Z",12.15736021680132239453087095171213150024,11.57685771280447717401784757385030388832,12.76892810159290903015971707645803689956,0.1023687573766846464762281243565666954964,1800,0.023803970310705361429493009950419946108,0.007541321626607361619520908391223201761022,1
"2015-11-03T02:30:00Z","2015-11-03T03:00:00Z",10.87392777601436755219310725806280970573,9.61484426624474153300070611294358968734,12.10496651744309026810242357896640896797,0.731400133338662716830924637179123237729,1800,0.0440560214730112281733553913909418042749,0.020157713347757681005001373364393657539,1
"2015-11-03T03:00:00Z","2015-11-03T03:30:00Z",9.12351142516621926858988445019349455833,7.74666918139319982117285690037533640861,9.97606421183665226237735623726621270179,0.269703551717449141467142226247233338654,1800,0.0304507830500669041118300128800910897552,0.0122407232837644826262124553295507212169,1
"2015-11-03T03:30:00Z","2015-11-03T04:00:00Z",9.08006490111948494359239703044295310974,8.21450205423847457097963342675939202308,9.85646042019706314363247656729072332382,0.1609575510375743090385469713510246947407,1800,0.0262529522259869751987793051739572547376,0.009456260449434610373953269402136356802657,1
"2015-11-03T04:00:00Z","2015-11-03T04:30:00Z",8.74679879063996601473718328634276986122,7.36204548505161859850431937957182526588,10.01443508170844154392398195341229438781,0.473724001448968035088427086520823650062,1800,0.037060443045079910495687158800137694925,0.016222823453547849381628509490838041529,1
"2015-11-03T04:30:00Z","2015-11-03T05:00:00Z",7.82836472059062948858354502590373158454,6.76384524845567547401969932252541184425,8.58854872905706479002674313960596919059,0.1423559951765228093201187675731489434838,1800,0.0254194963895982874169110488082878873683,0.008893068311159940328436412926293996861204,1
"2015-11-03T05:00:00Z","2015-11-03T05:30:00Z",7.21887519340074312879096396500244736671,6.5467828654302557822575181489810347557,7.76402664307483725281144870677962899208,0.0832929740971473930866153523311368189752,1800,0.0227034046830618604917439995460881618782,0.006802490315936893412740449349485061247833,1
"2015-11-03T05:30:00Z","2015-11-03T06:00:00Z",6.7448607402396580923209512548055499792,3.90433842949556009216394159011542797088,7.99952746293836547408773185452446341514,1.20823924672629368082255041372263804078,1800,0.0545520697963055578583180249552242457866,0.0259083775246357721211420965801153215579,1
"2015-11-03T06:00:00Z","2015-11-03T06:30:00Z",4.15270034757607753306274389615282416343,2.72599716323644614135446317959576845169,5.0957637840597378442453191382810473442,0.2781557795303374325257550481182988733053,1800,0.0306039710392871679156545638988973223604,0.0124310493775853549147658583251541131176,1
"2015-11-03T06:30:00Z","2015-11-03T07:00:00Z",4.3517562530637148299206273804884403944,2.47631253585096011704536067554727196693,5.59008541645786927176686731399968266487,0.8094447403862345957747947977622970938682,1800,0.0458186307326789790672627589174226159229,0.0212059313032179029556711924442424788139,1
"2015-11-03T07:00:00Z","2015-11-03T07:30:00Z",3.5465006840205473004346004017861559987,2.21477983650570031670667958678677678108,5.69762521943491151432681363075971603393,1.14007957373863000327673944411799311637,1800,0.053127975114555678337602273586526280269,0.0251669930855059759133851571277773473411,1
"2015-11-03T07:30:00Z","2015-11-03T08:00:00Z",4.80583035569316052715294063091278076171,2.46265023933587556825841602403670549392,6.28143685955429731393451220355927944183,1.20220936305276260291918788425391539931,1800,0.05440159001075099698407910864261793904,0.0258436470062734756358846510693183518014,1
"2015-11-03T08:00:00Z","2015-11-03T08:30:00Z",4.43981554113496112989878383814357221126,3.35929972564978740479091356974095106124,5.41303751101031771497673616977408528327,0.3401444050217333758823201605991926044225,1800,0.0327528368152856658168659009788825642317,0.0137466037224095085494957046989839000161,1
"2015-11-03T08:30:00Z","2015-11-03T09:00:00Z",4.39033689987837760781985707581043243408,3.23668981770897090655125794000923633575,5.90403586620519504890580719802528619766,0.5247808622068145245620485184190329164266,879,0.0517673045717307600543932721848250366747,0.0244339992848980093465005580810611718334,1
"2015-11-03T09:00:00Z","2015-11-03T09:30:00Z",4.69316981194614069039516834891401231288,2.37394894849000159808838361641392111778,7.2358070435909205286861833883449435234,2.30558166819411169967679597903043031692,1800,0.0733087795419066490243409361937665380537,0.0357893658025995736737812080718867946416,1
"2015-11-03T09:30:00Z","2015-11-03T10:00:00Z",5.32571377874767559745805556303821504116,3.13529789636536371233432873850688338279,6.76027406274956099707651446806266903877,0.5426815347486625418227390582615043967962,1800,0.0389636212276679161359282943521975539624,0.0173634599526429275750949443590798182412,1
"2015-11-03T10:00:00Z","2015-11-03T10:30:00Z",5.32623497380240795706640710704959928989,3.31473163665356018725560716120526194572,8.28442654275793977092234854353591799736,1.33667058239279445963632042548852041363,1800,0.057072913501409180958567901598144089803,0.0272505920668890573577147762307504308409,1
"2015-11-03T10:30:00Z","2015-11-03T11:00:00Z",5.47859999336378145073922496521845459938,3.26681161870142844350084487814456224441,9.47708578974438253794687625486403703689,2.41127552235433029181876918300986289978,1800,0.0748967077021744087605981121669174171984,0.0366005124611537696610596981372509617358,1
"2015-11-03T11:00:00Z","2015-11-03T11:30:00Z",6.01475154985406401664249642635695636272,2.25923520085432194548502593534067273139,9.65215579904480946993317047599703073501,3.73736133489053568013105177669785916805,1800,0.0922482701713549235744693532978999428451,0.045566565074810765068047402337469975464,1
"2015-11-03T11:30:00Z","2015-11-03T12:00:00Z",4.12431565536767852364619102445431053638,1.27025708150778804395031329477205872535,8.30817015204154074581310851499438285827,5.50127035987216217449713440146297216415,1800,0.1111959793736593538060475339079857803881,0.0552834632692280752985780623021128121763,1
"2015-11-03T12:00:00Z","2015-11-03T12:30:00Z",4.38923849305803059905883856117725372314,2.29453070131503622519630880560725927352,6.24613479617033462432118540164083242416,1.20610432685610535763487405347405001521,1800,0.0544792147287452288573206260480219498276,0.0258854777696781758467015066571548231877,1
"2015-11-03T12:30:00Z","2015-11-03T13:00:00Z",4.65356641500208123574111596099101006984,1.95806328960944497907803452108055353164,7.07199810635783343570892611751332879066,1.75560162467160219001982568443054333329,1800,0.0645845950990694833704353072789672296494,0.0312303415916103596638997430545714451,1
"2015-11-03T13:00:00Z","2015-11-03T13:30:00Z",6.98667666957687405471233432763256132602,3.00529209056612067740843485807999968528,9.60126607124855091512927174335345625877,3.20941010692886674604551444645039737224,1800,0.0857619897138225256716381750266009476035,0.0422256511490406924447249537024617893621,1
"2015-11-03T13:30:00Z","2015-11-03T14:00:00Z",7.43598874471867699043059474206529557704,3.08576320822648675346044910838827490806,10.45306243490707132082206953782588243484,3.18602334687530497348006974789313971996,1800,0.0854727238986663778730346052725508343428,0.0420715220842588499827741088665788993239,1
"2015-11-03T14:00:00Z","2015-11-03T14:30:00Z",4.3688454676927621633808485057670623064,2.88952043363308774814868229441344738006,6.78182147201349394549652060959488153457,1.34180925268146022943938078242354094982,1800,0.0571466846086976232310661316660116426646,0.0273029226425127134747494750399710028432,1
"2015-11-03T14:30:00Z","2015-11-03T15:00:00Z",8.27486676985853009114180167671293020248,5.37109439664759058530307811452075839042,10.51373439090133921069991629337891936302,1.33237983080130173441091301356209442019,1800,0.0570275135909903418962585419649258255958,0.0272068193126619312094405245261441450566,1
"2015-11-03T15:00:00Z","2015-11-03T15:30:00Z",11.97804402960906422492826095549389719963,10.23392678513434894682632148033007979393,13.34595603617303538612759439274668693542,0.9211826986690431207094320598116610199213,1800,0.0485625660547238241493417376659635920077,0.0226222935602746998140499812279813340865,1
"2015-11-03T15:30:00Z","2015-11-03T16:00:00Z",13.61649471064571947920285310829058289527,12.67377899602847968196783767780289053916,14.68109730075918761826869740616530179977,0.4733798813272350192171700200560735538601,1800,0.0371702636313652606814272871815774124115,0.0162169301336465947194209746839987928979,1
"2015-11-03T16:00:00Z","2015-11-03T16:30:00Z",14.85376096858355410290641884785145521163,14.28564771474426464692442095838487148284,15.62130229409127757378428213996812701225,0.0719551708585235150206216303558903746306,1800,0.0224856364164925486004431576247952762059,0.006322586094423859187640957202347635757178,1
"2015-11-03T16:30:00Z","2015-11-03T17:00:00Z",15.6177353962718896696060255635529756546,15.07438549838257024759968771832063794136,16.12589360708077634853907511569559574127,0.0628329645927296481788815185609564650803,1800,0.0220597359188432692866932427477877354249,0.005908231761831661890682632076732261339202,1
"2015-11-03T17:00:00Z","2015-11-03T17:30:00Z",16.471154495163379039013307192362844944,15.61171297174934657903122570132836699485,17.2194035281462518582884513307362794876,0.1681122824473703092351684063032735139131,1800,0.0268138201497089070923784959177282871678,0.009664145718622068823022708272674208274111,1
"2015-11-03T17:30:00Z","2015-11-03T18:00:00Z",17.30008632329148454687128833029419183731,16.73619410146762831459454901050776243209,18.04099937905657213832455454394221305847,0.065144936752355428466465525616513332352,1800,0.0222578624906865744914608029603186878375,0.006015948098935557791788752979300625156611,1
"2015-11-03T18:00:00Z","2015-11-03T18:30:00Z",18.06360708921674174121108080726116895675,17.06533557339006179631724080536514520645,19.1599581613122893486433895304799079895,0.2731247650090477541162670149788027629256,1800,0.0308612058145626977356812403741059824824,0.0123181159501192412364378725442293216474,1
"2015-11-03T18:30:00Z","2015-11-03T19:00:00Z",18.97642606548702559621233376674354076385,18.29166557499504364159292890690267086029,19.7133261089665268173121148720383644104,0.1144112823738917955607163889908406417816,1800,0.0246256844703378607874810768407769501209,0.007972566935501450985368521173768385779112,1
"2015-11-03T19:00:00Z","2015-11-03T19:30:00Z",19.64323002497481596151374105829745531082,18.8827724771793121760765643557533621788,20.53889993879442243951416458003222942352,0.127844335903301881129934258751745801419,1800,0.0252472780184460968144755099729081848636,0.008427611230793096222524418692501058103516,1
"2015-11-03T19:30:00Z","2015-11-03T20:00:00Z",20.24622836864004327139809902291744947433,19.51092759628005524064064957201480865478,21.16540501254428363608894869685173034667,0.1472002687903533890700913389082415960729,1800,0.026095778011318057632017541891400469467,0.009043114900616483833872827347022393951192,1
"2015-11-03T20:00:00Z","2015-11-03T20:30:00Z",21.00570538912523943508858792483806610107,20.36885148410403445495830965228378772735,21.98351478423136029505258193239569664001,0.0979434962687400767489265263066045008599,1800,0.0239769517371877516342948410965618677437,0.007376520418370261303331325564158760244026,1
"2015-11-03T20:30:00Z","2015-11-03T21:00:00Z",20.90403950335062788212781015317887067794,20.38547438728263117013739247340708971023,21.55544235124105512113601434975862503051,0.0598150542967873025124170283106650458648,1800,0.0221509916183754741736411375541138113476,0.005764597619993731478227338982378569198772,1
"2015-11-03T21:00:00Z","2015-11-03T21:30:00Z",21.10111258732780115110472252126783132553,20.67002474788358412638444860931485891342,21.6295056280883173371876182500272989273,0.0362309907741145617587896765598998172208,1800,0.0209580350776452165040275588125950889661,0.004486460543439719714231550540262105641886,1
"2015-11-03T21:30:00Z","2015-11-03T22:00:00Z",21.06078361571904267179888847749680280685,20.61243070638611740719170484226197004318,21.55922566379302196537537383846938610076,0.038050172468665828529044148353932541795,1800,0.0210494247547544331700120068262549466453,0.004597715161339852550648199525085146888159,1
"2015-11-03T22:00:00Z","2015-11-03T22:30:00Z",20.81183101009350622234705951996147632598,20.61239216510743688104412285611033439636,21.34122221796723550824026460759341716766,0.0240886379160914834707263310065172845497,1800,0.0203006323124078173758544352267563226632,0.003658220417095014564273780521830303769093,1
"2015-11-03T22:30:00Z","2015-11-03T23:00:00Z",20.46518472339524308267755259294062852859,20.00998762588570301090840075630694627761,20.79974429195549845417190226726233959197,0.0313590056478886339275113925850746454671,1800,0.0206626392552715400230400888403892167843,0.004173927383697825267694359041570351109839,1
"2015-11-03T23:00:00Z","2015-11-03T23:30:00Z",19.15559725386789580170443514361977577209,18.36978635601711218328091490548104047775,20.00769357246412738504659500904381275177,0.2653439705569368145532394009933341294527,1800,0.0306115035640373463199370718257341650314,0.0121413885934054527337977447132288943976,1
"2015-11-03T23:30:00Z","2015-11-04T00:00:00Z",17.62260906776341329305068938992917537689,16.08447456144300602431940205860882997512,18.7289572669116495262642274610698223114,0.5289030094210865895476558762311469763517,1800,0.0388703959083239805605280992040206911042,0.0171416161791686644244592230279522482305,1
"2015-11-04T00:00:00Z","2015-11-04T00:30:00Z",15.87431265761660448276870738482102751731,14.08477098027181284578546183183789253234,17.33515706447861148831179889384657144546,0.7887154195765511133231484564021229743957,1800,0.0455669475492506761971078788064914988353,0.0209326355984640402607688258740381570532,1
"2015-11-04T00:30:00Z","2015-11-04T01:00:00Z",13.39885913274770601333329977933317422866,11.67719536278433345444227597909048199653,14.43940312728962993560344330035150051116,0.7186928740815852201251345832133665680885,1800,0.043790590341022291032135882460352149792,0.0199818372261965429559360529765399405732,1
"2015-11-04T01:00:00Z","2015-11-04T01:30:00Z",12.08483903958922134336262388387694954872,11.41839468889940434337404440157115459442,13.04698735393814956751157296821475028991,0.1016855372244872823817019025227637030184,1800,0.0237837488435458412061596078501679585315,0.007516113698229634314251779159121724660508,1
"2015-11-04T01:30:00Z","2015-11-04T02:00:00Z",12.51077775619491561087670561391860246658,11.29580274748262880279980890918523073196,13.40476876699364439105011115316301584243,0.3966205538195193835981910979171516373753,1800,0.0348039990673222332517866561829578131437,0.0148440140164968585601013018049343372695,1
"2015-11-04T02:00:00Z","2015-11-04T02:30:00Z",12.01294442016011032592359697446227073669,10.67596315261785910877279093256220221519,12.9731428938790056548668871982954442501,0.3173750214932665181244431096274638548493,1800,0.0322055446645697282526121796308871125802,0.0132785336684871965035048546610596531536,1
"2015-11-04T02:30:00Z","2015-11-04T03:00:00Z",11.62569245857958044609858916373923420906,10.74572724212685947975387534825131297111,12.52094772282118562145569740096107125282,0.1598688597651056197967989191965898498892,1800,0.026303934867874519815122980048727185931,0.009424225867562622052653331650162726873531,1
"2015-11-04T03:00:00Z","2015-11-04T03:30:00Z",11.27848323199417279738554498180747032165,9.92069820703863847199954761890694499015,12.16668765329348644854690064676105976104,0.2788996206816193312860718833690043538808,1800,0.0308466943907898805132816733021172694861,0.0124476597684870359666886585614520299714,1
"2015-11-04T03:30:00Z","2015-11-04T04:00:00Z",9.52099096327357941049740475136786699295,7.90270297637462348916415066923946142196,10.33250059603801140895029675448313355445,0.3511557272793712214387085168709745630621,1800,0.0332572488318441383814416667519253678619,0.0139673374397272370694977894345356617122,1
"2015-11-04T04:00:00Z","2015-11-04T04:30:00Z",8.80435216364723416404558520298451185226,6.1221663650113846699696296127513051033,10.32718639262772342135576764121651649475,1.46009136237520831258507314487360417842,1800,0.0594227637087954355110674953266425291076,0.0284809035668854189371490548410292831249,1
"2015-11-04T04:30:00Z","2015-11-04T05:00:00Z",8.46734719714392625178334128577262163162,3.63165133247163574026217247592285275459,10.59072535269332782092988054500892758369,2.7587977617129033625076317548519000411,1800,0.0798222184263571998830144593739532865583,0.0391492710426878179341692032267019385471,1
"2015-11-04T05:00:00Z","2015-11-04T05:30:00Z",7.20784227578955949411465553566813468933,1.23425300440051799455432046670466661453,10.96712711220812686008230230072513222694,6.3702945947367783929848883417434990406,1800,0.1194569109682057511667707672131655272096,0.0594899365660406728717468638478749198839,1
"2015-11-04T05:30:00Z","2015-11-04T06:00:00Z",6.25922882338191666207194430171512067317,1.07473329401392447834950871765613555908,8.74911674080182066859379119705408811569,4.32146135183716229022365951095707714557,1800,0.0989209651674294587753166752008837647736,0.0489980801882252958723285019004833884537,1
"2015-11-04T06:00:00Z","2015-11-04T06:30:00Z",7.21053297143197191587660199729725718498,4.53776167698935672945026453817263245582,9.2141700710255687312155714607797563076,1.65626917516896376980639615794643759727,1800,0.0629123729366649481198336957277206238359,0.0303339667989621052102133802463868050836,1
"2015-11-04T06:30:00Z","2015-11-04T07:00:00Z",6.89822646646595316610728332307189702987,3.8280965124991634951356900273822247982,10.12384738324536392894970049383118748664,5.35031937518540257059385112370364367961,1800,0.1097172064493349002978206385705561842769,0.0545197180190871710792066551221068948507,1
"2015-11-04T07:00:00Z","2015-11-04T07:30:00Z",6.48499121708537540342831562156789004802,5.18565184996124273197892762254923582077,8.08789664674952923917317093582823872566,0.386140714398472695290109868437866680324,1800,0.0343266895737542945821196838096511783078,0.0146465906992126540520082755847397493198,1
"2015-11-04T07:30:00Z","2015-11-04T08:00:00Z",6.19614319318863948637954308651387691497,2.60758398219818765539912419626489281654,10.22630786754286091877474973443895578384,4.28527946474511622909631114453077316284,1800,0.0985343616772876434994898886543523985892,0.0487925282573806184949205544398864731192,1
"2015-11-04T08:00:00Z","2015-11-04T08:30:00Z",7.72781399501521804040748975239694118499,4.64042863356447199407739390153437852859,11.09017247984352394496454508043825626373,2.71270370965102136651125874777790158987,1800,0.0791942854440974286500676271316478960216,0.0388208399763939893123421143172890879213,1
"2015-11-04T08:30:00Z","2015-11-04T09:00:00Z",8.24859619235451013707915990380570292472,6.06278632874184530976435780758038163185,10.47574673016507418310538923833519220352,1.21838937076314368646023922337917611002,1800,0.0547977190689680343504974757706804666668,0.0260169749155681438723686227376674651168,1
"2015-11-04T09:00:00Z","2015-11-04T09:30:00Z",8.9385109550956443058566947001963853836,6.32157866818191038760232913773506879806,10.70183539088949409290307812625542283058,1.95246243149932685589931224967585876584,1800,0.06788590306032774024380671562539646402,0.0329348045513095377678780550922965630888,1
"2015-11-04T09:30:00Z","2015-11-04T10:00:00Z",7.47996788625872177647124772192910313606,5.43826297305684569494133029365912079811,9.38486782112148354428882157662883400917,1.26647999535963240447244970710016787052,1800,0.0557305473635666542842059811846411321312,0.0265254594196220813695497042772331042215,1
"2015-11-04T10:00:00Z","2015-11-04T10:30:00Z",4.64282256457797881665783279458992183208,2.46372063775147331909920467296615242958,6.49793349192116131973762094276025891304,1.8481563187184584240441154179279692471,1800,0.0661248717686203912879960853388183750212,0.032042994716460937443258671919465996325,1
"2015-11-04T10:30:00Z","2015-11-04T11:00:00Z",4.16579033070182980225126812001690268516,1.98487779402997155386856320546939969062,6.02454297820754369752194179454818367958,1.50435859737629074039944043761352077126,1800,0.0601647550361358515735865637452661758288,0.0289094236594256842609595992144022602587,1
"2015-11-04T11:00:00Z","2015-11-04T11:30:00Z",5.08296072933137033089678880060091614723,4.52574688977977324100265832385048270225,5.98592669538210131463529251050204038619,0.1517347307708687975669192837813170626759,1800,0.0257253972385215017026904860131253371946,0.009181343727934526688372329772391822189092,1
"2015-11-04T11:30:00Z","2015-11-04T12:00:00Z",5.11623113749139957207034967723302543163,4.82935167551926625151281768921762704849,5.38857424859849842846415413077920675277,0.014275352466169882043045546993198513519,1800,0.0190183411556002941733556355075052124448,0.002816158974577674233702451189742532733362,1
"2015-11-04T12:00:00Z","2015-11-04T12:30:00Z",5.04979422020396651049622960272245109081,4.51455272841552357476757606491446495056,5.49206944644832439905712817562744021415,0.0524485716619224467960336255600850563496,1800,0.0210655905041993267434730086051786202006,0.005397971412274678477960510036837149527855,1
"2015-11-04T12:30:00Z","2015-11-04T13:00:00Z",4.63054909699668826306151458993554115295,4.3215357834657979196890664752572774887,5.06712778133482366627049486851319670677,0.0359330415905015632116459300959832035005,1800,0.0201706513146397113656060895436894497834,0.004467975031668370948512158946641648071818,1
"2015-11-04T13:00:00Z","2015-11-04T13:30:00Z",4.72987505889354942212321475381031632423,4.34739662418910377539305045502260327339,5.17431726163521332750860892701894044876,0.0573900307766810405252222437866294058039,1800,0.0213067137625999394878739678915735566988,0.005646534373532978781651259225782268913462,1
"2015-11-04T13:30:00Z","2015-11-04T14:00:00Z",5.02197473460978560666490011499263346195,4.26256302656590513322498736670240759849,5.43648836219927211743652151199057698249,0.1120763389317482733309461195858602877706,1800,0.0239593517689583868079949979801313020288,0.007890794176751802016522852056823467137292,1
"2015-11-04T14:00:00Z","2015-11-04T14:30:00Z",5.53297137132868233067028995719738304615,5.05128860465782736355322413146495819091,6.03652258792958207322953967377543449401,0.1043099012813300807689387283971882425248,1800,0.023625856353194085723856687764055095613,0.007612486135047766278027836506225867196917,1
"2015-11-04T14:30:00Z","2015-11-04T15:00:00Z",6.84237906282820684822354451171122491359,5.99398546183258673636373714543879032135,7.99339571142163229922061873367056250572,0.3933229036781319964966030511277494952082,1800,0.0345521420856600286475313055234437342733,0.0147821758975337901736990531276205729227,1
"2015-11-04T15:00:00Z","2015-11-04T15:30:00Z",8.78912175257510064341204270021989941596,7.97447590415379359285452665062621235847,9.72478806916452676034623436862602829933,0.192426002951320507250443370139691978693,1800,0.0275278831549175678761187668897036928683,0.0103394068965756355527041421282774535939,1
"2015-11-04T15:30:00Z","2015-11-04T16:00:00Z",10.71584426010482893332209641812369227409,9.5162340543388275193592562573030591011,11.70788504608097291281865182099863886833,0.2874846888230944697006918886472703889012,1800,0.0311354856374802292651171597981374361552,0.0126377892059026785548381255352978769224,1
"2015-11-04T16:00:00Z","2015-11-04T16:30:00Z",11.90267938644043788087856228230521082878,11.38000413450490810873816371895372867584,12.42633403588321172605901665519922971725,0.0612664428300924157611007103696465492248,1800,0.0218195261389857349254572937979901325888,0.005834116272700148354835025799047798500396,1
"2015-11-04T16:30:00Z","2015-11-04T17:00:00Z",12.05762395262741115686822013230994343757,11.70284267317288495746652188245207071304,12.64812377868488191268170339753851294517,0.0474858990542973424808792515250388532876,1800,0.021127702973306530798147662153496639803,0.005136249120726641206879925505290884757414,1
"2015-11-04T17:00:00Z","2015-11-04T17:30:00Z",12.59979693459110450248772394843399524688,12.11957027573863143743437831290066242218,13.19489422652405963276578404475003480911,0.048125099312584115884838809051871066913,1800,0.0211854520409822007220856932008246076293,0.005170702687717497643415942576439192635007,1
"2015-11-04T17:30:00Z","2015-11-04T18:00:00Z",13.04083198505528073951609258074313402175,12.5009268421538681792526404024101793766,14.02704298549857497846460319124162197113,0.0677672079563103324506556646156241185963,1800,0.0222119991712611333789517686909675830975,0.006135833184223381600586044726242107572034,1
"2015-11-04T18:00:00Z","2015-11-04T18:30:00Z",13.36385499179387537083130155224353075027,12.77526395917133861246384185506030917167,14.43204585789441551924028317444026470184,0.1079432305399532082690328138596669305115,1800,0.0241248605246582419059375723691118764691,0.007743930617656972874296439357522103819064,1
"2015-11-04T18:30:00Z","2015-11-04T19:00:00Z",13.57384783100397740440712368581444025039,12.92116393203546209633714170195162296295,14.269918460389755310302462021354585886,0.0610534381268336007186903202637040521949,1800,0.0218896780021922213177454352717177243903,0.005823965722523594297499460736844412167556,1
"2015-11-04T19:00:00Z","2015-11-04T19:30:00Z",13.82430638161962122012482723221182823181,12.99193642549435701027960021747276186943,14.66211674220595284623414045199751853942,0.2075405318890632955231012601871043443679,1800,0.0282887272027255755324492980662398622371,0.0107377975159677896410670427940203808248,1
"2015-11-04T19:30:00Z","2015-11-04T20:00:00Z",14.25220453605559889354026381624862551689,13.54428099314928424234949488891288638114,15.22643768901818717154128535185009241104,0.1137822979852541188661163573669909965246,1800,0.0244194370502173636883203045044865575619,0.00795062184798054835677127982762613100931,1
"2015-11-04T20:00:00Z","2015-11-04T20:30:00Z",14.3624539526990417925844667479395866394,13.66739117597634667333750257967039942741,15.60983256497914872795718110864982008934,0.1926653347915808500712131490217871032655,1800,0.0277407953761228884270728656247229082509,0.0103458347708840683182307529364152287598,1
"2015-11-04T20:30:00Z","2015-11-04T21:00:00Z",13.49757830825378590589025407098233699798,13.21779566334914690628465905319899320602,13.8891503291115636642416575341485440731,0.0331687776909572046291074798318732064217,1800,0.0204315421483539962077546903174152248539,0.004292679666268896590541892521741829114034,1
"2015-11-04T21:00:00Z","2015-11-04T21:30:00Z",11.36679974550823857271097949706017971038,7.26590587598264825430760538438335061073,13.34124173392654277847668709000572562217,4.52333941797348693114599882392212748527,1800,0.1011708560945624446603119395149406045675,0.0501294957417148107081672492313373368233,1
"2015-11-04T21:30:00Z","2015-11-04T22:00:00Z",6.02027692163758842980314511805772781372,5.84306157841074025327543495222926139831,7.26057638642503633263913798145949840545,0.0798009793342961543105573696266219485551,1800,0.0225136946898800774374826971779839368537,0.006658368975052546961945765247037343215197,1
"2015-11-04T22:00:00Z","2015-11-04T22:30:00Z",5.83417625995467314936604452668689191341,5.79510289344014140056060568895190954208,5.92292274006973329392167215701192617416,0.000659275699811159615788824783777499760617,1800,0.0183100892012959884369571739171078661456,0.00060519771783514389202479621943098209158,1
"2015-11-04T22:30:00Z","2015-11-04T23:00:00Z",5.88855010765763164926056560943834483623,5.79596216913924422442505601793527603149,6.00005448621936743336391373304650187492,0.002315200147785450007081875511971702508162,1800,0.0184054750331769309545926205373689299449,0.001134117412054523555894891551076852920232,1
"2015-11-04T23:00:00Z","2015-11-04T23:30:00Z",5.96344365942812704162179215927608311176,5.84269075443247309920025145402178168296,6.07771499379607682556070358259603381156,0.003766233505321240054158904442260791256558,1800,0.0184889190755821580802731318726728204637,0.001446496438779124168658163362977120414143,1
"2015-11-04T23:30:00Z","2015-11-05T00:00:00Z",5.87013617248936281356463950942270457744,5.65220555012250969184606219641864299774,5.99788825492872312850067828549072146415,0.006879320558029039175962360275207174709066,1800,0.0186542503261429119809644561200911994092,0.001954953900853055072384112378358622663654,1
"2015-11-05T00:00:00Z","2015-11-05T00:30:00Z",5.45598293566096614881644200067967176437,5.34122852044586515773971768794581294059,5.6747401295943671328814161824993789196,0.008821246107985729334455271555270883254706,1800,0.0187432836869431233839389250306339818052,0.002213750727208078049323969338502138270996,1
"2015-11-05T00:30:00Z","2015-11-05T01:00:00Z",5.74854269946625429099640314234420657157,5.43383411901554147505066794110462069511,5.98358656238229791313187888590618968009,0.0189772784323728460620372970879543572664,1800,0.0192884056264535953817418345579426386393,0.003246988214088458897521594082036244799382,1
"2015-11-05T01:00:00Z","2015-11-05T01:30:00Z",5.26937697430022922162606846541166305541,4.80890932533692350148157856892794370651,6.03527449665246784604732965817674994468,0.1754648380268833962603025611315388232469,1800,0.0267166804822671390129418256265125819481,0.009873219615226370635130415109870227752253,1
"2015-11-05T01:30:00Z","2015-11-05T02:00:00Z",4.82350920005235028753531878464855253696,4.72320425455908932121928955893963575363,4.92155354658781973853365343529731035232,0.002369173836593312879733597142717371752951,1800,0.0183562104435632533760980322767863981425,0.001147260949826274262913772261640588112641,1
"2015-11-05T02:00:00Z","2015-11-05T02:30:00Z",4.43902613074180951713287868187762796878,4.22028256128762713217383861774578690528,4.80660841882977862837833527009934186935,0.0400307991710470642554575704252783907577,1800,0.0203797450488607811980301676157978363335,0.00471585971725240436780435260288868448697,1
"2015-11-05T02:30:00Z","2015-11-05T03:00:00Z",4.21789842735300446463497792137786746025,4.13250787709916345136207382893189787864,4.27816305452077294546597840962931513786,0.001431690137963822877231745422932362998835,1800,0.0182729914498137441247749279682466294616,0.000891842704729876346869676950745997601188,1
"2015-11-05T03:00:00Z","2015-11-05T03:30:00Z",4.01399497642429281540898955427110195159,3.92239539202690679076113156042993068695,4.15805532201328098551584844244644045829,0.004230825613185084863032692226170183857902,1800,0.0184220654687807586236125700906995916739,0.001533120567336996404803062254984524770407,1
"2015-11-05T03:30:00Z","2015-11-05T04:00:00Z",4.02645600983892926194585015764459967613,3.94435014057547483901089435676112771034,4.15528713958203432810023514321073889732,0.002820396805596714524810852964264995534904,1800,0.0183441341037990472695451416029754909686,0.001251753615621060185952861942837444075848,1
"2015-11-05T04:00:00Z","2015-11-05T04:30:00Z",3.83998978442743510441914622788317501544,3.21292579163299052424918045289814472198,4.1118962634388473986746248556300997734,0.0654863330553556027835426789351913612335,1800,0.0216729590692391338446753934476873837411,0.006031690985276370181589200569760578218847,1
"2015-11-05T04:30:00Z","2015-11-05T05:00:00Z",2.98597867003175299061012992751784622669,2.82507638089308343865013739559799432754,3.21216687893266872322328708833083510398,0.0123825985012766745518852928853448247537,1800,0.01881784018125031224255572226411459269,0.002622826984304941350112372333569510374218,1
"2015-11-05T05:00:00Z","2015-11-05T05:30:00Z",3.03121772743762463164785003755241632461,2.92723754205675135153796873055398464202,3.17961046382651169039945671102032065391,0.003100961578200941287652980804523394908756,1800,0.0183126326653011498035716897447855444625,0.001312538164143753956908389213253940397407,1
"2015-11-05T05:30:00Z","2015-11-05T06:00:00Z",2.73319986947851845116019831039011478424,2.58080246387176082123460219008848071098,2.98035959703689279365335096372291445732,0.0122069432709600318026632592705027491319,1800,0.018797744352760333008678372834765468724,0.002604157282218827907521729869699811388272,1
"2015-11-05T06:00:00Z","2015-11-05T06:30:00Z",2.56795866552009721672789055446628481149,2.41411993479320585720415692776441574096,2.7213575325217185252313356613740324974,0.007289224567974317281482399266678839921951,1800,0.0185209415132958354899272990223835222423,0.002012354144883593022596901533916025073267,1
"2015-11-05T06:30:00Z","2015-11-05T07:00:00Z",2.35046917929149179471437491883989423513,2.2740844498996253264522238168865442276,2.41984993052585828365863562794402241706,0.000939597919021259507348087236522360399249,1800,0.0181552442727889833118393170252602430991,0.000722494874653585193377547390980453201336,1
"2015-11-05T07:00:00Z","2015-11-05T07:30:00Z",2.08211389723053574840605506324209272861,1.9641628156740669197688475833274424076,2.28644057062515315692508011125028133392,0.009856643748886133662989728065895178588107,1800,0.0186395653732914015621169312453275779262,0.00234006692080069135866726703909534990089,1
"2015-11-05T07:30:00Z","2015-11-05T08:00:00Z",1.8151917256083507368202845100313425064,1.33451334839246626984277099836617708206,2.0210284416702215537497977493330836296,0.0370363739231351768443900596139428671449,1800,0.0200913615075921404840020301207914599217,0.004536051508815861117718259976072658901102,1
"2015-11-05T08:00:00Z","2015-11-05T08:30:00Z",0.5771912281602383787415533333842176944017,0.0805595605154607596887217368930578231811,1.38072852187348615871087531559169292449,0.2192953108506343895545143141134758479893,1800,0.0283029881387154846894560478176572360098,0.0110376957853689922073314733097504358738,1
"2015-11-05T08:30:00Z","2015-11-05T09:00:00Z",0.050655512516757546237489151508270879276,0.0288728166858369661440519848838448524475,0.0826834118113968230545651749707758426666,0.000120640653257437927350914641522194870049,1800,0.0179954436650031530942062119038382661528,0.000258887205444805769925797900299357934272,1
"2015-11-05T09:00:00Z","2015-11-05T09:30:00Z",0.1082480384418185448414106986092519946396,0.0419782150001672960115683963522315025329,0.4673106368112023289995704544708132743835,0.004492974781713223939028090114788938080891,1800,0.0182599045044835074647071593290093005634,0.001579904142963043994427052574280878616264,1
"2015-11-05T09:30:00Z","2015-11-05T10:00:00Z",1.47322424893550785185425411327742040157,0.4848218559009556116734529496170580387115,1.95325110909389998425922385649755597114,0.1199015982016585629699179094131977763026,1800,0.0241815903398991428885356214095736504532,0.008161617425542649212344414877406961750239,1
"2015-11-05T10:00:00Z","2015-11-05T10:30:00Z",1.87190485001573692080967248330125585198,1.73437623729533108019040810177102684974,1.97899278500173636530234944075345993041,0.002388652578668335694361823939857458753976,1800,0.0182151092855522209190688442959071835502,0.001151967538766304624889280638910804555052,1
"2015-11-05T10:30:00Z","2015-11-05T11:00:00Z",1.8230302624325562810270184854744002223,1.6617142070084387484030230552889406681,1.98448954656558740339278301689773797988,0.007333904587120850665504789844817423727363,1800,0.0184885229189997897514263769380704616196,0.002018512184082464633316789104355848394334,1
"2015-11-05T11:00:00Z","2015-11-05T11:30:00Z",1.62378754317074069923876322718570008873,1.52416922115157760231340944301337003707,1.71360417428538980288976745214313268661,0.001694134097613208015872809930613129836274,1800,0.0181633959205164535744003728723328094929,0.000970147210368156143016349357566241451422,1
"2015-11-05T11:30:00Z","2015-11-05T12:00:00Z",1.45887453476245920747089712676825001835,1.25311174478871834025994758121669292449,1.62058237158376527986547444015741348266,0.0121355021624126157425704874981420289259,1800,0.0187308463719824680460135368775809183716,0.002596525687487952552268133388224669033661,1
"2015-11-05T12:00:00Z","2015-11-05T12:30:00Z",1.16928477012545251056963024893775582313,0.9478694906042957057934472686611115932464,1.36457598958344128448061383096501231193,0.0114850299237717213413079164752161887008,1800,0.0186841331119404555072271989502041833475,0.002525979449614184236400094007990446698386,1
"2015-11-05T12:30:00Z","2015-11-05T13:00:00Z",0.9021856993887099607221102814946789294481,0.790427439612773952148927492089569568634,1.06483587845790061976458673598244786262,0.003835780388910594272677823113326667225919,1800,0.018251898071567591169683808516310818959,0.001459790774374988917699846879827418888453,1
"2015-11-05T13:00:00Z","2015-11-05T13:30:00Z",0.8291154109893311696666273746814113110303,0.6692457894315992916745017282664775848388,1.00892219727206011725684220436960458755,0.004637413252719300299498073059112357441335,1800,0.0182937806211990669491562755410996032878,0.001605098344636604092150466982502621249295,1
"2015-11-05T13:30:00Z","2015-11-05T14:00:00Z",0.7591264657408504090696510502311866730451,0.6436093564157410185089247534051537513732,0.9052635273838838259052863577380776405334,0.004079030962787128650193224643771827686578,1800,0.0182578007188103456914785027720427024178,0.00150536650442990665131615113381258197478,1
"2015-11-05T14:00:00Z","2015-11-05T14:30:00Z",0.887251901171002166357482110470300540328,0.7162298665842179445917281555011868476867,1.06654928329516174301261344226077198982,0.00855581658885460824559565651270531816408,1800,0.0185118810243569097140348134189480333589,0.002180190688506984750955064455979481863323,1
"2015-11-05T14:30:00Z","2015-11-05T15:00:00Z",1.25864863921273939517675444221822544932,1.0661407216988258994661009637638926506,1.41460952734770906147332425462082028388,0.008464676403462293927115744907041516853496,1800,0.0185232809966569510196077175123718916438,0.002168547440551738588604413493499123433139,1
"2015-11-05T15:00:00Z","2015-11-05T15:30:00Z",1.44820185405866896921622810623375698924,1.37159115818399968134144728537648916244,1.58104728283751505557575001148506999015,0.003269218923150604520777573469558774377219,1800,0.0182450971560618874223180796434462536126,0.001347676791773038101202031313619045249652,1
"2015-11-05T15:30:00Z","2015-11-05T16:00:00Z",1.76534234594286898456516610167454928159,1.4990544293086589533459118683822453022,2.24894575737217472521933814277872443199,0.0310790036095427574247551660846511367708,1800,0.0197750371856263325309743805746620637364,0.004155251269948983736113312659199436893686,1
