"uid","domainID","siteID","plotID","decimalLatitude","decimalLongitude","geodeticDatum","coordinateUncertainty","elevation","elevationUncertainty","addDate","dropDate","identifiedDate","individualID","taxonID","scientificName","identificationQualifier","taxonRank","growthForm","samplingProtocol","measuredBy","identifiedBy","recordedBy","remarks","duplicateIndividualIDQF"
"FCA6A9471B3A405BA65C3DFBA138E2D1","D02","SCBI","SCBI_060",,,,,,,"2014-06-07",,"2014-06-07","NEON.PLA.D02.SCBI.06043","MIVI","Microstegium vimineum (Trin.) A. Camus",,"species","Graminoid","NEON.DOC.014040","+oMcon12yHBVomk9A4wem4se3xH13+K2","+oMcon12yHBVomk9A4wem4se3xH13+K2","cVPbPdjHNiEVZ3Vlm83FuXHus5z3id4m",,1
"A0B4A49881BF4F10B957CF6144F7C94E","D02","SCBI","SCBI_060",,,,,,,"2014-06-07",,"2014-06-07","NEON.PLA.D02.SCBI.06045","MIVI","Microstegium vimineum (Trin.) A. Camus",,"species","Graminoid","NEON.DOC.014040","+oMcon12yHBVomk9A4wem4se3xH13+K2","+oMcon12yHBVomk9A4wem4se3xH13+K2","cVPbPdjHNiEVZ3Vlm83FuXHus5z3id4m",,1
"A99BB83887524C51A53EAB45FB4C3164","D02","SCBI","SCBI_060",,,,,,,"2014-06-07",,"2014-06-07","NEON.PLA.D02.SCBI.06047","LITU","Liriodendron tulipifera L.",,"species","Deciduous broadleaf","NEON.DOC.014040","+oMcon12yHBVomk9A4wem4se3xH13+K2","+oMcon12yHBVomk9A4wem4se3xH13+K2","cVPbPdjHNiEVZ3Vlm83FuXHus5z3id4m",,1
"55A486B7A73B436F8E05768C7F1AF190","D02","SCBI","SCBI_060",,,,,,,"2014-06-07",,"2014-06-07","NEON.PLA.D02.SCBI.06049","MIVI","Microstegium vimineum (Trin.) A. Camus",,"species","Graminoid","NEON.DOC.014040","+oMcon12yHBVomk9A4wem4se3xH13+K2","+oMcon12yHBVomk9A4wem4se3xH13+K2","cVPbPdjHNiEVZ3Vlm83FuXHus5z3id4m",,1
"3F170769D3814A40AB0E0F145BDA83F9","D02","SCBI","SCBI_060",,,,,,,"2014-06-07",,"2014-06-07","NEON.PLA.D02.SCBI.06051","MIVI","Microstegium vimineum (Trin.) A. Camus",,"species","Graminoid","NEON.DOC.014040","+oMcon12yHBVomk9A4wem4se3xH13+K2","+oMcon12yHBVomk9A4wem4se3xH13+K2","cVPbPdjHNiEVZ3Vlm83FuXHus5z3id4m",,1
"3C85A24B2063493DB1D24CDDB0E9B5D7","D02","SCBI","SCBI_060",,,,,,,"2014-06-07",,"2014-06-07","NEON.PLA.D02.SCBI.06053","MIVI","Microstegium vimineum (Trin.) A. Camus",,"species","Graminoid","NEON.DOC.014040","+oMcon12yHBVomk9A4wem4se3xH13+K2","+oMcon12yHBVomk9A4wem4se3xH13+K2","cVPbPdjHNiEVZ3Vlm83FuXHus5z3id4m",,1
"828D3DFE2B224064AF0321E37570A0A1","D02","SCBI","SCBI_060",,,,,,,"2014-06-07",,"2014-06-07","NEON.PLA.D02.SCBI.06056","LITU","Liriodendron tulipifera L.",,"species","Deciduous broadleaf","NEON.DOC.014040","+oMcon12yHBVomk9A4wem4se3xH13+K2","+oMcon12yHBVomk9A4wem4se3xH13+K2","cVPbPdjHNiEVZ3Vlm83FuXHus5z3id4m",,1
"E2F99187AB6042009EE56C107487F8DD","D02","SCBI","SCBI_060",,,,,,,"2014-06-07",,"2014-06-07","NEON.PLA.D02.SCBI.06058","MIVI","Microstegium vimineum (Trin.) A. Camus",,"species","Graminoid","NEON.DOC.014040","+oMcon12yHBVomk9A4wem4se3xH13+K2","+oMcon12yHBVomk9A4wem4se3xH13+K2","cVPbPdjHNiEVZ3Vlm83FuXHus5z3id4m",,1
"CAA0F0F4EE9445698E28AF8EFB46A561","D02","SCBI","SCBI_060",,,,,,,"2014-06-07",,"2014-06-07","NEON.PLA.D02.SCBI.06060","LITU","Liriodendron tulipifera L.",,"species","Deciduous broadleaf","NEON.DOC.014040","+oMcon12yHBVomk9A4wem4se3xH13+K2","+oMcon12yHBVomk9A4wem4se3xH13+K2","cVPbPdjHNiEVZ3Vlm83FuXHus5z3id4m",,1
"D38256C5CC83473D90E1F07E047125FC","D02","SCBI","SCBI_060",,,,,,,"2014-06-07",,"2014-06-07","NEON.PLA.D02.SCBI.06062","LITU","Liriodendron tulipifera L.",,"species","Deciduous broadleaf","NEON.DOC.014040","+oMcon12yHBVomk9A4wem4se3xH13+K2","+oMcon12yHBVomk9A4wem4se3xH13+K2","cVPbPdjHNiEVZ3Vlm83FuXHus5z3id4m",,1
"02C19A98B55846A68BAEF16071CB283F","D02","SCBI","SCBI_060",,,,,,,"2014-06-07",,"2014-06-07","NEON.PLA.D02.SCBI.06064","MIVI","Microstegium vimineum (Trin.) A. Camus",,"species","Graminoid","NEON.DOC.014040","+oMcon12yHBVomk9A4wem4se3xH13+K2","+oMcon12yHBVomk9A4wem4se3xH13+K2","cVPbPdjHNiEVZ3Vlm83FuXHus5z3id4m",,1
"E1A7CB76ABC2412E865C29765A5DFC6F","D02","SCBI","SCBI_060",,,,,,,"2014-06-07",,"2014-06-07","NEON.PLA.D02.SCBI.06067","LITU","Liriodendron tulipifera L.",,"species","Deciduous broadleaf","NEON.DOC.014040","+oMcon12yHBVomk9A4wem4se3xH13+K2","+oMcon12yHBVomk9A4wem4se3xH13+K2","cVPbPdjHNiEVZ3Vlm83FuXHus5z3id4m",,1
"FFB6C5D13FDC4A099567633BE62E36E3","D02","SCBI","SCBI_060",,,,,,,"2014-06-07",,"2014-06-07","NEON.PLA.D02.SCBI.06069","LITU","Liriodendron tulipifera L.",,"species","Deciduous broadleaf","NEON.DOC.014040","+oMcon12yHBVomk9A4wem4se3xH13+K2","+oMcon12yHBVomk9A4wem4se3xH13+K2","cVPbPdjHNiEVZ3Vlm83FuXHus5z3id4m",,1
"35890F30C6AA4E6488FEC41142DC9EE7","D02","SCBI","SCBI_060",,,,,,,"2014-06-07",,"2014-06-07","NEON.PLA.D02.SCBI.06071","LITU","Liriodendron tulipifera L.",,"species","Deciduous broadleaf","NEON.DOC.014040","+oMcon12yHBVomk9A4wem4se3xH13+K2","+oMcon12yHBVomk9A4wem4se3xH13+K2","cVPbPdjHNiEVZ3Vlm83FuXHus5z3id4m",,1
"DC608CFE64C744F2BEC06C75627789FF","D02","SCBI","SCBI_060",,,,,,,"2014-06-07",,"2014-06-07","NEON.PLA.D02.SCBI.06073","LITU","Liriodendron tulipifera L.",,"species","Deciduous broadleaf","NEON.DOC.014040","+oMcon12yHBVomk9A4wem4se3xH13+K2","+oMcon12yHBVomk9A4wem4se3xH13+K2","cVPbPdjHNiEVZ3Vlm83FuXHus5z3id4m",,1
"A909F06A37134E73AEF2CBE7840706D3","D02","SCBI","SCBI_060",,,,,,,"2014-06-07",,"2014-06-07","NEON.PLA.D02.SCBI.06075","LITU","Liriodendron tulipifera L.",,"species","Deciduous broadleaf","NEON.DOC.014040","+oMcon12yHBVomk9A4wem4se3xH13+K2","+oMcon12yHBVomk9A4wem4se3xH13+K2","cVPbPdjHNiEVZ3Vlm83FuXHus5z3id4m",,1
"AEF479DCDA7F43D9B708F465732F6980","D02","SCBI","SCBI_060",,,,,,,"2014-06-07",,"2014-06-07","NEON.PLA.D02.SCBI.06077","LITU","Liriodendron tulipifera L.",,"species","Deciduous broadleaf","NEON.DOC.014040","+oMcon12yHBVomk9A4wem4se3xH13+K2","+oMcon12yHBVomk9A4wem4se3xH13+K2","cVPbPdjHNiEVZ3Vlm83FuXHus5z3id4m",,1
"33BCCB6FDD4C42EA919C8CAE56A72F9A","D02","SCBI","SCBI_060",,,,,,,"2014-06-07",,"2014-06-07","NEON.PLA.D02.SCBI.06080","LITU","Liriodendron tulipifera L.",,"species","Deciduous broadleaf","NEON.DOC.014040","+oMcon12yHBVomk9A4wem4se3xH13+K2","+oMcon12yHBVomk9A4wem4se3xH13+K2","cVPbPdjHNiEVZ3Vlm83FuXHus5z3id4m",,1
"B2FD5BB83A394736B8C6915334B0C364","D02","SCBI","SCBI_060",,,,,,,"2014-06-07",,"2014-06-07","NEON.PLA.D02.SCBI.06082","MIVI","Microstegium vimineum (Trin.) A. Camus",,"species","Graminoid","NEON.DOC.014040","+oMcon12yHBVomk9A4wem4se3xH13+K2","+oMcon12yHBVomk9A4wem4se3xH13+K2","cVPbPdjHNiEVZ3Vlm83FuXHus5z3id4m",,1
"AF086D2CBECC4AB782AB99458D566EE4","D02","SCBI","SCBI_060",,,,,,,"2014-06-07",,"2014-06-07","NEON.PLA.D02.SCBI.06084","MIVI","Microstegium vimineum (Trin.) A. Camus",,"species","Graminoid","NEON.DOC.014040","+oMcon12yHBVomk9A4wem4se3xH13+K2","+oMcon12yHBVomk9A4wem4se3xH13+K2","cVPbPdjHNiEVZ3Vlm83FuXHus5z3id4m",,1
"051B01F4D53E461C830AAAAD6748B45D","D02","SCBI","SCBI_060",,,,,,,"2014-06-07",,"2014-06-07","NEON.PLA.D02.SCBI.06086","LITU","Liriodendron tulipifera L.",,"species","Deciduous broadleaf","NEON.DOC.014040","+oMcon12yHBVomk9A4wem4se3xH13+K2","+oMcon12yHBVomk9A4wem4se3xH13+K2","cVPbPdjHNiEVZ3Vlm83FuXHus5z3id4m",,1
"841AC1374D904FDEB090329DA7518277","D02","SCBI","SCBI_060",,,,,,,"2014-06-07",,"2014-06-07","NEON.PLA.D02.SCBI.06088","MIVI","Microstegium vimineum (Trin.) A. Camus",,"species","Graminoid","NEON.DOC.014040","+oMcon12yHBVomk9A4wem4se3xH13+K2","+oMcon12yHBVomk9A4wem4se3xH13+K2","cVPbPdjHNiEVZ3Vlm83FuXHus5z3id4m",,1
"04B659A6E5C74B2B90A1EAA0FA394040","D02","SCBI","SCBI_060",,,,,,,"2014-06-07",,"2014-06-07","NEON.PLA.D02.SCBI.06091","MIVI","Microstegium vimineum (Trin.) A. Camus",,"species","Graminoid","NEON.DOC.014040","+oMcon12yHBVomk9A4wem4se3xH13+K2","+oMcon12yHBVomk9A4wem4se3xH13+K2","cVPbPdjHNiEVZ3Vlm83FuXHus5z3id4m",,1
"B039527CA742413CA568458A52F690A9","D02","SCBI","SCBI_060",,,,,,,"2014-06-07",,"2014-06-07","NEON.PLA.D02.SCBI.06093","LITU","Liriodendron tulipifera L.",,"species","Deciduous broadleaf","NEON.DOC.014040","+oMcon12yHBVomk9A4wem4se3xH13+K2","+oMcon12yHBVomk9A4wem4se3xH13+K2","cVPbPdjHNiEVZ3Vlm83FuXHus5z3id4m",,1
"A2E5B580B18C42469A88E9E48F5284B9","D02","SCBI","SCBI_060",,,,,,,"2014-06-07",,"2014-06-07","NEON.PLA.D02.SCBI.06095","MIVI","Microstegium vimineum (Trin.) A. Camus",,"species","Graminoid","NEON.DOC.014040","+oMcon12yHBVomk9A4wem4se3xH13+K2","+oMcon12yHBVomk9A4wem4se3xH13+K2","cVPbPdjHNiEVZ3Vlm83FuXHus5z3id4m",,1
"4E17EFFC905E4BC7AE20CC45DDC60B39","D02","SCBI","SCBI_060",,,,,,,"2014-06-07",,"2014-06-07","NEON.PLA.D02.SCBI.06097","MIVI","Microstegium vimineum (Trin.) A. Camus",,"species","Graminoid","NEON.DOC.014040","+oMcon12yHBVomk9A4wem4se3xH13+K2","+oMcon12yHBVomk9A4wem4se3xH13+K2","cVPbPdjHNiEVZ3Vlm83FuXHus5z3id4m",,1
"26408814CFFC44AEB36BAA7DED192C3E","D02","SCBI","SCBI_060",,,,,,,"2014-06-07",,"2014-06-07","NEON.PLA.D02.SCBI.06099","MIVI","Microstegium vimineum (Trin.) A. Camus",,"species","Graminoid","NEON.DOC.014040","+oMcon12yHBVomk9A4wem4se3xH13+K2","+oMcon12yHBVomk9A4wem4se3xH13+K2","cVPbPdjHNiEVZ3Vlm83FuXHus5z3id4m",,1
"723F2ED20AE547FCB72B1655A377A15A","D02","SCBI","SCBI_060",,,"Unable to Locate, 2014-08-19",,,,"2014-06-07","2014-08-20","2014-08-05","NEON.PLA.D02.SCBI.06103","JUNI","Juglans nigra L.",,"species","Deciduous broadleaf","NEON.DOC.014040","cVPbPdjHNiEVZ3Vlm83FuXHus5z3id4m","HwrR06bjl3TqPXYD/ecX4LA/iftMi41T","HwrR06bjl3TqPXYD/ecX4LA/iftMi41T","Unable to Locate, 2014-08-19",1
"7D12E0C262134BE2B6BD76A6E5476B06","D02","SCBI","SCBI_060",,,,,,,"2014-06-07",,"2014-08-05","NEON.PLA.D02.SCBI.06105","JUNI","Juglans nigra L.",,"species","Deciduous broadleaf","NEON.DOC.014040","cVPbPdjHNiEVZ3Vlm83FuXHus5z3id4m","HwrR06bjl3TqPXYD/ecX4LA/iftMi41T","HwrR06bjl3TqPXYD/ecX4LA/iftMi41T",,1
"C20C524EC6FB4E068D65E4A5CD290314","D02","SCBI","SCBI_060",,,""wrong ID" (2014-08-14)",,,,"2014-06-07","2014-08-15","2014-08-05","NEON.PLA.D02.SCBI.06107","JUNI","Juglans nigra L.",,"species","Deciduous broadleaf","NEON.DOC.014040","cVPbPdjHNiEVZ3Vlm83FuXHus5z3id4m","HwrR06bjl3TqPXYD/ecX4LA/iftMi41T","HwrR06bjl3TqPXYD/ecX4LA/iftMi41T",""wrong ID" (2014-08-14)",1
"01D5FDF15D824240AC38FC1A430D028A","D02","SCBI","SCBI_060",,,,,,,"2014-06-07",,"2014-08-05","NEON.PLA.D02.SCBI.06109","JUNI","Juglans nigra L.",,"species","Deciduous broadleaf","NEON.DOC.014040","cVPbPdjHNiEVZ3Vlm83FuXHus5z3id4m","HwrR06bjl3TqPXYD/ecX4LA/iftMi41T","HwrR06bjl3TqPXYD/ecX4LA/iftMi41T",,1
"85B81F19826347E4BD77B7C34E714AA9","D02","SCBI","SCBI_060",,,,,,,"2014-06-07",,"2014-08-05","NEON.PLA.D02.SCBI.06111","JUNI","Juglans nigra L.",,"species","Deciduous broadleaf","NEON.DOC.014040","cVPbPdjHNiEVZ3Vlm83FuXHus5z3id4m","HwrR06bjl3TqPXYD/ecX4LA/iftMi41T","HwrR06bjl3TqPXYD/ecX4LA/iftMi41T",,1
"5C20B293F01245D0A3E84C63B8DEAFB8","D02","SCBI","SCBI_060",,,,,,,"2014-06-07",,"2014-08-05","NEON.PLA.D02.SCBI.06113","JUNI","Juglans nigra L.",,"species","Deciduous broadleaf","NEON.DOC.014040","cVPbPdjHNiEVZ3Vlm83FuXHus5z3id4m","HwrR06bjl3TqPXYD/ecX4LA/iftMi41T","HwrR06bjl3TqPXYD/ecX4LA/iftMi41T",,1
"2C48E6D74A2A4426832583DAECB34D13","D02","SCBI","SCBI_060",,,,,,,"2014-06-07",,"2014-08-05","NEON.PLA.D02.SCBI.06115","JUNI","Juglans nigra L.",,"species","Deciduous broadleaf","NEON.DOC.014040","cVPbPdjHNiEVZ3Vlm83FuXHus5z3id4m","HwrR06bjl3TqPXYD/ecX4LA/iftMi41T","HwrR06bjl3TqPXYD/ecX4LA/iftMi41T",,1
"67DBD8CB04314E21A13FBF93E2276952","D02","SCBI","SCBI_060",,,,,,,"2014-06-07",,"2014-08-05","NEON.PLA.D02.SCBI.06117","JUNI","Juglans nigra L.",,"species","Deciduous broadleaf","NEON.DOC.014040","cVPbPdjHNiEVZ3Vlm83FuXHus5z3id4m","HwrR06bjl3TqPXYD/ecX4LA/iftMi41T","HwrR06bjl3TqPXYD/ecX4LA/iftMi41T",,1
"225A64A0DEF446E9BC19AA7E032AF47A","D02","SCBI","SCBI_060",,,,,,,"2014-06-07",,"2014-08-05","NEON.PLA.D02.SCBI.06119","JUNI","Juglans nigra L.",,"species","Deciduous broadleaf","NEON.DOC.014040","cVPbPdjHNiEVZ3Vlm83FuXHus5z3id4m","HwrR06bjl3TqPXYD/ecX4LA/iftMi41T","HwrR06bjl3TqPXYD/ecX4LA/iftMi41T",,1
"2945EAEA9B454C779156251DEEB12192","D02","SCBI","SCBI_060",,,,,,,"2014-06-07",,"2014-08-05","NEON.PLA.D02.SCBI.06121","JUNI","Juglans nigra L.",,"species","Deciduous broadleaf","NEON.DOC.014040","cVPbPdjHNiEVZ3Vlm83FuXHus5z3id4m","HwrR06bjl3TqPXYD/ecX4LA/iftMi41T","HwrR06bjl3TqPXYD/ecX4LA/iftMi41T",,1
"72FE48126997411281D5B767F422236E","D02","SCBI","SCBI_060",,,,,,,"2014-06-07",,"2014-08-05","NEON.PLA.D02.SCBI.06124","JUNI","Juglans nigra L.",,"species","Deciduous broadleaf","NEON.DOC.014040","cVPbPdjHNiEVZ3Vlm83FuXHus5z3id4m","HwrR06bjl3TqPXYD/ecX4LA/iftMi41T","HwrR06bjl3TqPXYD/ecX4LA/iftMi41T",,1
"58E24C5C5A76410C9BF2E95075A47634","D02","SCBI","SCBI_060",,,,,,,"2014-06-07",,"2014-08-05","NEON.PLA.D02.SCBI.06126","JUNI","Juglans nigra L.",,"species","Deciduous broadleaf","NEON.DOC.014040","cVPbPdjHNiEVZ3Vlm83FuXHus5z3id4m","HwrR06bjl3TqPXYD/ecX4LA/iftMi41T","HwrR06bjl3TqPXYD/ecX4LA/iftMi41T",,1
"DBDA24B19BF346B1A949903F788EC39E","D02","SCBI","SCBI_060",,,,,,,"2014-06-07",,"2014-08-05","NEON.PLA.D02.SCBI.06128","JUNI","Juglans nigra L.",,"species","Deciduous broadleaf","NEON.DOC.014040","cVPbPdjHNiEVZ3Vlm83FuXHus5z3id4m","HwrR06bjl3TqPXYD/ecX4LA/iftMi41T","HwrR06bjl3TqPXYD/ecX4LA/iftMi41T",,1
"6EE9DC1091244F53A1FFC1CA851D390D","D02","SCBI","SCBI_060",,,,,,,"2014-06-07",,"2014-08-05","NEON.PLA.D02.SCBI.06130","JUNI","Juglans nigra L.",,"species","Deciduous broadleaf","NEON.DOC.014040","cVPbPdjHNiEVZ3Vlm83FuXHus5z3id4m","HwrR06bjl3TqPXYD/ecX4LA/iftMi41T","HwrR06bjl3TqPXYD/ecX4LA/iftMi41T",,1
"EC2B10431E294E0587ABD0342816E667","D02","SCBI","SCBI_060",,,,,,,"2014-06-07",,"2014-06-07","NEON.PLA.D02.SCBI.06041","MIVI","Microstegium vimineum (Trin.) A. Camus",,"species","Graminoid","NEON.DOC.014040","+oMcon12yHBVomk9A4wem4se3xH13+K2","+oMcon12yHBVomk9A4wem4se3xH13+K2","cVPbPdjHNiEVZ3Vlm83FuXHus5z3id4m",,1
"5CF9CE5160F54B749D44C3B42B838990","D02","SCBI","SCBI_060",,,,,,,"2014-06-07",,"2014-06-07","NEON.PLA.D02.SCBI.06042","MIVI","Microstegium vimineum (Trin.) A. Camus",,"species","Graminoid","NEON.DOC.014040","+oMcon12yHBVomk9A4wem4se3xH13+K2","+oMcon12yHBVomk9A4wem4se3xH13+K2","cVPbPdjHNiEVZ3Vlm83FuXHus5z3id4m",,1
"C7C83C84C0DE4197B830EFCADADD5810","D02","SCBI","SCBI_060",,,,,,,"2014-06-07",,"2014-06-07","NEON.PLA.D02.SCBI.06044","MIVI","Microstegium vimineum (Trin.) A. Camus",,"species","Graminoid","NEON.DOC.014040","+oMcon12yHBVomk9A4wem4se3xH13+K2","+oMcon12yHBVomk9A4wem4se3xH13+K2","cVPbPdjHNiEVZ3Vlm83FuXHus5z3id4m",,1
"69B4E189196B4147A19227642BF2E57C","D02","SCBI","SCBI_060",,,,,,,"2014-06-07",,"2014-06-07","NEON.PLA.D02.SCBI.06046","MIVI","Microstegium vimineum (Trin.) A. Camus",,"species","Graminoid","NEON.DOC.014040","+oMcon12yHBVomk9A4wem4se3xH13+K2","+oMcon12yHBVomk9A4wem4se3xH13+K2","cVPbPdjHNiEVZ3Vlm83FuXHus5z3id4m",,1
"2CBF1420D537429C84E7AB77116A322B","D02","SCBI","SCBI_060",,,,,,,"2014-06-07",,"2014-06-07","NEON.PLA.D02.SCBI.06048","MIVI","Microstegium vimineum (Trin.) A. Camus",,"species","Graminoid","NEON.DOC.014040","+oMcon12yHBVomk9A4wem4se3xH13+K2","+oMcon12yHBVomk9A4wem4se3xH13+K2","cVPbPdjHNiEVZ3Vlm83FuXHus5z3id4m",,1
"4AC0E14291714BE7906C3059AEC4F8B9","D02","SCBI","SCBI_060",,,,,,,"2014-06-07",,"2014-06-07","NEON.PLA.D02.SCBI.06050","MIVI","Microstegium vimineum (Trin.) A. Camus",,"species","Graminoid","NEON.DOC.014040","+oMcon12yHBVomk9A4wem4se3xH13+K2","+oMcon12yHBVomk9A4wem4se3xH13+K2","cVPbPdjHNiEVZ3Vlm83FuXHus5z3id4m",,1
"58703BA0B2B047C0B933BDB0E8892B6A","D02","SCBI","SCBI_060",,,,,,,"2014-06-07",,"2014-06-07","NEON.PLA.D02.SCBI.06052","MIVI","Microstegium vimineum (Trin.) A. Camus",,"species","Graminoid","NEON.DOC.014040","+oMcon12yHBVomk9A4wem4se3xH13+K2","+oMcon12yHBVomk9A4wem4se3xH13+K2","cVPbPdjHNiEVZ3Vlm83FuXHus5z3id4m",,1
"C4D0DCD552364DD99189621CF66EB759","D02","SCBI","SCBI_060",,,,,,,"2014-06-07",,"2014-06-07","NEON.PLA.D02.SCBI.06054","LITU","Liriodendron tulipifera L.",,"species","Deciduous broadleaf","NEON.DOC.014040","+oMcon12yHBVomk9A4wem4se3xH13+K2","+oMcon12yHBVomk9A4wem4se3xH13+K2","cVPbPdjHNiEVZ3Vlm83FuXHus5z3id4m",,1
"BA60C8A381954024A46020D455784B05","D02","SCBI","SCBI_060",,,,,,,"2014-06-07",,"2014-06-07","NEON.PLA.D02.SCBI.06055","LITU","Liriodendron tulipifera L.",,"species","Deciduous broadleaf","NEON.DOC.014040","+oMcon12yHBVomk9A4wem4se3xH13+K2","+oMcon12yHBVomk9A4wem4se3xH13+K2","cVPbPdjHNiEVZ3Vlm83FuXHus5z3id4m",,1
"E32C954DBC10467496D677B428228E0A","D02","SCBI","SCBI_060",,,,,,,"2014-06-07",,"2014-06-07","NEON.PLA.D02.SCBI.06057","LITU","Liriodendron tulipifera L.",,"species","Deciduous broadleaf","NEON.DOC.014040","+oMcon12yHBVomk9A4wem4se3xH13+K2","+oMcon12yHBVomk9A4wem4se3xH13+K2","cVPbPdjHNiEVZ3Vlm83FuXHus5z3id4m",,1
"04F2D394842D4195A4CAD4433894357F","D02","SCBI","SCBI_060",,,,,,,"2014-06-07",,"2014-06-07","NEON.PLA.D02.SCBI.06059","MIVI","Microstegium vimineum (Trin.) A. Camus",,"species","Graminoid","NEON.DOC.014040","+oMcon12yHBVomk9A4wem4se3xH13+K2","+oMcon12yHBVomk9A4wem4se3xH13+K2","cVPbPdjHNiEVZ3Vlm83FuXHus5z3id4m",,1
"EAA1F36FEF5649478154A7D1701F85EB","D02","SCBI","SCBI_060",,,,,,,"2014-06-07",,"2014-06-07","NEON.PLA.D02.SCBI.06061","LITU","Liriodendron tulipifera L.",,"species","Deciduous broadleaf","NEON.DOC.014040","+oMcon12yHBVomk9A4wem4se3xH13+K2","+oMcon12yHBVomk9A4wem4se3xH13+K2","cVPbPdjHNiEVZ3Vlm83FuXHus5z3id4m",,1
"C9A5E5D467974A6E8201EC67D316D61C","D02","SCBI","SCBI_060",,,,,,,"2014-06-07",,"2014-06-07","NEON.PLA.D02.SCBI.06063","MIVI","Microstegium vimineum (Trin.) A. Camus",,"species","Graminoid","NEON.DOC.014040","+oMcon12yHBVomk9A4wem4se3xH13+K2","+oMcon12yHBVomk9A4wem4se3xH13+K2","cVPbPdjHNiEVZ3Vlm83FuXHus5z3id4m",,1
"8735305863764922AA20ED3DE5B30B6C","D02","SCBI","SCBI_060",,,,,,,"2014-06-07",,"2014-06-07","NEON.PLA.D02.SCBI.06065","MIVI","Microstegium vimineum (Trin.) A. Camus",,"species","Graminoid","NEON.DOC.014040","+oMcon12yHBVomk9A4wem4se3xH13+K2","+oMcon12yHBVomk9A4wem4se3xH13+K2","cVPbPdjHNiEVZ3Vlm83FuXHus5z3id4m",,1
"B988A23A5015499292FFDAF2571334E6","D02","SCBI","SCBI_060",,,,,,,"2014-06-07",,"2014-06-07","NEON.PLA.D02.SCBI.06066","LITU","Liriodendron tulipifera L.",,"species","Deciduous broadleaf","NEON.DOC.014040","+oMcon12yHBVomk9A4wem4se3xH13+K2","+oMcon12yHBVomk9A4wem4se3xH13+K2","cVPbPdjHNiEVZ3Vlm83FuXHus5z3id4m",,1
"09B0DD66BEB141738AC4F7704ABA07BD","D02","SCBI","SCBI_060",,,,,,,"2014-06-07",,"2014-06-07","NEON.PLA.D02.SCBI.06068","LITU","Liriodendron tulipifera L.",,"species","Deciduous broadleaf","NEON.DOC.014040","+oMcon12yHBVomk9A4wem4se3xH13+K2","+oMcon12yHBVomk9A4wem4se3xH13+K2","cVPbPdjHNiEVZ3Vlm83FuXHus5z3id4m",,1
"A48AEE91CF8C47C99D20EAC975F9E11A","D02","SCBI","SCBI_060",,,,,,,"2014-06-07",,"2014-06-07","NEON.PLA.D02.SCBI.06070","LITU","Liriodendron tulipifera L.",,"species","Deciduous broadleaf","NEON.DOC.014040","+oMcon12yHBVomk9A4wem4se3xH13+K2","+oMcon12yHBVomk9A4wem4se3xH13+K2","cVPbPdjHNiEVZ3Vlm83FuXHus5z3id4m",,1
"A7DB4A13CB844A64AC9F21AE8A62EBE1","D02","SCBI","SCBI_060",,,,,,,"2014-06-07",,"2014-06-07","NEON.PLA.D02.SCBI.06072","LITU","Liriodendron tulipifera L.",,"species","Deciduous broadleaf","NEON.DOC.014040","+oMcon12yHBVomk9A4wem4se3xH13+K2","+oMcon12yHBVomk9A4wem4se3xH13+K2","cVPbPdjHNiEVZ3Vlm83FuXHus5z3id4m",,1
"C9C858E20E084F77960E9741FA7976D4","D02","SCBI","SCBI_060",,,,,,,"2014-06-07",,"2014-06-07","NEON.PLA.D02.SCBI.06074","LITU","Liriodendron tulipifera L.",,"species","Deciduous broadleaf","NEON.DOC.014040","+oMcon12yHBVomk9A4wem4se3xH13+K2","+oMcon12yHBVomk9A4wem4se3xH13+K2","cVPbPdjHNiEVZ3Vlm83FuXHus5z3id4m",,1
"C2E1E1EA0A8D4DF1B05B3DA2170E9228","D02","SCBI","SCBI_060",,,,,,,"2014-06-07",,"2014-06-07","NEON.PLA.D02.SCBI.06076","LITU","Liriodendron tulipifera L.",,"species","Deciduous broadleaf","NEON.DOC.014040","+oMcon12yHBVomk9A4wem4se3xH13+K2","+oMcon12yHBVomk9A4wem4se3xH13+K2","cVPbPdjHNiEVZ3Vlm83FuXHus5z3id4m",,1
"1CE170BC6CB043B0B4C52A3C16B29B60","D02","SCBI","SCBI_060",,,,,,,"2014-06-07",,"2014-06-07","NEON.PLA.D02.SCBI.06078","LITU","Liriodendron tulipifera L.",,"species","Deciduous broadleaf","NEON.DOC.014040","+oMcon12yHBVomk9A4wem4se3xH13+K2","+oMcon12yHBVomk9A4wem4se3xH13+K2","cVPbPdjHNiEVZ3Vlm83FuXHus5z3id4m",,1
"70BC981825F24A2F8F173EE3C1BD30EE","D02","SCBI","SCBI_060",,,,,,,"2014-06-07",,"2014-06-07","NEON.PLA.D02.SCBI.06079","LITU","Liriodendron tulipifera L.",,"species","Deciduous broadleaf","NEON.DOC.014040","+oMcon12yHBVomk9A4wem4se3xH13+K2","+oMcon12yHBVomk9A4wem4se3xH13+K2","cVPbPdjHNiEVZ3Vlm83FuXHus5z3id4m",,1
"63840A71F7964539BB0EB3C38C8F6EC1","D02","SCBI","SCBI_060",,,,,,,"2014-06-07",,"2014-06-07","NEON.PLA.D02.SCBI.06081","MIVI","Microstegium vimineum (Trin.) A. Camus",,"species","Graminoid","NEON.DOC.014040","+oMcon12yHBVomk9A4wem4se3xH13+K2","+oMcon12yHBVomk9A4wem4se3xH13+K2","cVPbPdjHNiEVZ3Vlm83FuXHus5z3id4m",,1
"E099D9263BA348D2A0F9564F66B26825","D02","SCBI","SCBI_060",,,,,,,"2014-06-07",,"2014-06-07","NEON.PLA.D02.SCBI.06083","MIVI","Microstegium vimineum (Trin.) A. Camus",,"species","Graminoid","NEON.DOC.014040","+oMcon12yHBVomk9A4wem4se3xH13+K2","+oMcon12yHBVomk9A4wem4se3xH13+K2","cVPbPdjHNiEVZ3Vlm83FuXHus5z3id4m",,1
"F3B112BF35CF49EBBF15AB2DF9A28FE2","D02","SCBI","SCBI_060",,,,,,,"2014-06-07",,"2014-06-07","NEON.PLA.D02.SCBI.06085","LITU","Liriodendron tulipifera L.",,"species","Deciduous broadleaf","NEON.DOC.014040","+oMcon12yHBVomk9A4wem4se3xH13+K2","+oMcon12yHBVomk9A4wem4se3xH13+K2","cVPbPdjHNiEVZ3Vlm83FuXHus5z3id4m",,1
"2470F90E42BC4A3D84E7DDFF57A5821B","D02","SCBI","SCBI_060",,,,,,,"2014-06-07","2014-08-27","2014-06-07","NEON.PLA.D02.SCBI.06087","MIVI","Microstegium vimineum (Trin.) A. Camus",,"species","Graminoid","NEON.DOC.014040","+oMcon12yHBVomk9A4wem4se3xH13+K2","+oMcon12yHBVomk9A4wem4se3xH13+K2","cVPbPdjHNiEVZ3Vlm83FuXHus5z3id4m",,1
"7AF2DE4622EF4A4EA10BA40F582340A6","D02","SCBI","SCBI_060",,,,,,,"2014-06-07",,"2014-06-07","NEON.PLA.D02.SCBI.06089","LITU","Liriodendron tulipifera L.",,"species","Deciduous broadleaf","NEON.DOC.014040","+oMcon12yHBVomk9A4wem4se3xH13+K2","+oMcon12yHBVomk9A4wem4se3xH13+K2","cVPbPdjHNiEVZ3Vlm83FuXHus5z3id4m",,1
"BA649FB8D5FF4C819F1D7CB09AE4E905","D02","SCBI","SCBI_060",,,,,,,"2014-06-07",,"2014-06-07","NEON.PLA.D02.SCBI.06090","LITU","Liriodendron tulipifera L.",,"species","Deciduous broadleaf","NEON.DOC.014040","+oMcon12yHBVomk9A4wem4se3xH13+K2","+oMcon12yHBVomk9A4wem4se3xH13+K2","cVPbPdjHNiEVZ3Vlm83FuXHus5z3id4m",,1
"B756D7EA780648D49FD5A65084BA22E1","D02","SCBI","SCBI_060",,,,,,,"2014-06-07",,"2014-06-07","NEON.PLA.D02.SCBI.06092","LITU","Liriodendron tulipifera L.",,"species","Deciduous broadleaf","NEON.DOC.014040","+oMcon12yHBVomk9A4wem4se3xH13+K2","+oMcon12yHBVomk9A4wem4se3xH13+K2","cVPbPdjHNiEVZ3Vlm83FuXHus5z3id4m",,1
"0C9C25041E454DAFA3D397B46E57A973","D02","SCBI","SCBI_060",,,,,,,"2014-06-07",,"2014-06-07","NEON.PLA.D02.SCBI.06094","MIVI","Microstegium vimineum (Trin.) A. Camus",,"species","Graminoid","NEON.DOC.014040","+oMcon12yHBVomk9A4wem4se3xH13+K2","+oMcon12yHBVomk9A4wem4se3xH13+K2","cVPbPdjHNiEVZ3Vlm83FuXHus5z3id4m",,1
"CEB9DDD0E2864EED99FF226F7361957F","D02","SCBI","SCBI_060",,,,,,,"2014-06-07",,"2014-06-07","NEON.PLA.D02.SCBI.06096","MIVI","Microstegium vimineum (Trin.) A. Camus",,"species","Graminoid","NEON.DOC.014040","+oMcon12yHBVomk9A4wem4se3xH13+K2","+oMcon12yHBVomk9A4wem4se3xH13+K2","cVPbPdjHNiEVZ3Vlm83FuXHus5z3id4m",,1
"1C80DDEDF9F142EB827C4748A37A7AA8","D02","SCBI","SCBI_060",,,,,,,"2014-06-07",,"2014-06-07","NEON.PLA.D02.SCBI.06098","MIVI","Microstegium vimineum (Trin.) A. Camus",,"species","Graminoid","NEON.DOC.014040","+oMcon12yHBVomk9A4wem4se3xH13+K2","+oMcon12yHBVomk9A4wem4se3xH13+K2","cVPbPdjHNiEVZ3Vlm83FuXHus5z3id4m",,1
"160E9DD053F34F67BC823579EC830E9B","D02","SCBI","SCBI_060",,,,,,,"2014-06-07",,"2014-08-05","NEON.PLA.D02.SCBI.06101","JUNI","Juglans nigra L.",,"species","Deciduous broadleaf","NEON.DOC.014040","cVPbPdjHNiEVZ3Vlm83FuXHus5z3id4m","HwrR06bjl3TqPXYD/ecX4LA/iftMi41T","HwrR06bjl3TqPXYD/ecX4LA/iftMi41T",,1
"771B5FD55F5C4353B1381AD9758B5FA0","D02","SCBI","SCBI_060",,,,,,,"2014-06-07",,"2014-08-05","NEON.PLA.D02.SCBI.06102","JUNI","Juglans nigra L.",,"species","Deciduous broadleaf","NEON.DOC.014040","cVPbPdjHNiEVZ3Vlm83FuXHus5z3id4m","HwrR06bjl3TqPXYD/ecX4LA/iftMi41T","HwrR06bjl3TqPXYD/ecX4LA/iftMi41T",,1
"83A10C9B46F241A493CCCB7FDF5A2D62","D02","SCBI","SCBI_060",,,,,,,"2014-06-07",,"2014-08-05","NEON.PLA.D02.SCBI.06104","JUNI","Juglans nigra L.",,"species","Deciduous broadleaf","NEON.DOC.014040","cVPbPdjHNiEVZ3Vlm83FuXHus5z3id4m","HwrR06bjl3TqPXYD/ecX4LA/iftMi41T","HwrR06bjl3TqPXYD/ecX4LA/iftMi41T",,1
"7B3CDD3CB79B4ABF94EF517F6CEE33A3","D02","SCBI","SCBI_060",,,,,,,"2014-06-07",,"2014-08-05","NEON.PLA.D02.SCBI.06106","JUNI","Juglans nigra L.",,"species","Deciduous broadleaf","NEON.DOC.014040","cVPbPdjHNiEVZ3Vlm83FuXHus5z3id4m","HwrR06bjl3TqPXYD/ecX4LA/iftMi41T","HwrR06bjl3TqPXYD/ecX4LA/iftMi41T",,1
"F1181741AB2644679F713D7A54D95D6F","D02","SCBI","SCBI_060",,,,,,,"2014-06-07",,"2014-08-05","NEON.PLA.D02.SCBI.06108","JUNI","Juglans nigra L.",,"species","Deciduous broadleaf","NEON.DOC.014040","cVPbPdjHNiEVZ3Vlm83FuXHus5z3id4m","HwrR06bjl3TqPXYD/ecX4LA/iftMi41T","HwrR06bjl3TqPXYD/ecX4LA/iftMi41T",,1
"F5EA4D095C274779A1A97D00C7BFE6EA","D02","SCBI","SCBI_060",,,,,,,"2014-06-07",,"2014-08-05","NEON.PLA.D02.SCBI.06110","JUNI","Juglans nigra L.",,"species","Deciduous broadleaf","NEON.DOC.014040","cVPbPdjHNiEVZ3Vlm83FuXHus5z3id4m","HwrR06bjl3TqPXYD/ecX4LA/iftMi41T","HwrR06bjl3TqPXYD/ecX4LA/iftMi41T",,1
"4E54C07E2271402F8E0FE3E1C82C314C","D02","SCBI","SCBI_060",,,,,,,"2014-06-07",,"2014-08-05","NEON.PLA.D02.SCBI.06112","JUNI","Juglans nigra L.",,"species","Deciduous broadleaf","NEON.DOC.014040","cVPbPdjHNiEVZ3Vlm83FuXHus5z3id4m","HwrR06bjl3TqPXYD/ecX4LA/iftMi41T","HwrR06bjl3TqPXYD/ecX4LA/iftMi41T",,1
"DEB413D78DB6480593D4A8D8C96125BF","D02","SCBI","SCBI_060",,,,,,,"2014-06-07",,"2014-08-05","NEON.PLA.D02.SCBI.06114","JUNI","Juglans nigra L.",,"species","Deciduous broadleaf","NEON.DOC.014040","cVPbPdjHNiEVZ3Vlm83FuXHus5z3id4m","HwrR06bjl3TqPXYD/ecX4LA/iftMi41T","HwrR06bjl3TqPXYD/ecX4LA/iftMi41T",,1
"99A6B5B0B88F415782534C0BAC422F1F","D02","SCBI","SCBI_060",,,,,,,"2014-06-07",,"2014-08-05","NEON.PLA.D02.SCBI.06116","JUNI","Juglans nigra L.",,"species","Deciduous broadleaf","NEON.DOC.014040","cVPbPdjHNiEVZ3Vlm83FuXHus5z3id4m","HwrR06bjl3TqPXYD/ecX4LA/iftMi41T","HwrR06bjl3TqPXYD/ecX4LA/iftMi41T",,1
"BE2F52DE85364CEEABDCED48D2491946","D02","SCBI","SCBI_060",,,,,,,"2014-06-07",,"2014-08-05","NEON.PLA.D02.SCBI.06118","JUNI","Juglans nigra L.",,"species","Deciduous broadleaf","NEON.DOC.014040","cVPbPdjHNiEVZ3Vlm83FuXHus5z3id4m","HwrR06bjl3TqPXYD/ecX4LA/iftMi41T","HwrR06bjl3TqPXYD/ecX4LA/iftMi41T",,1
"602C253123CA4BC5BDCF6E842F4CB15D","D02","SCBI","SCBI_060",,,,,,,"2014-06-07",,"2014-08-05","NEON.PLA.D02.SCBI.06120","JUNI","Juglans nigra L.",,"species","Deciduous broadleaf","NEON.DOC.014040","cVPbPdjHNiEVZ3Vlm83FuXHus5z3id4m","HwrR06bjl3TqPXYD/ecX4LA/iftMi41T","HwrR06bjl3TqPXYD/ecX4LA/iftMi41T",,1
"F080091F4FD341EAA9E3594B13C6EA6D","D02","SCBI","SCBI_060",,,,,,,"2014-06-07",,"2014-08-05","NEON.PLA.D02.SCBI.06122","JUNI","Juglans nigra L.",,"species","Deciduous broadleaf","NEON.DOC.014040","cVPbPdjHNiEVZ3Vlm83FuXHus5z3id4m","HwrR06bjl3TqPXYD/ecX4LA/iftMi41T","HwrR06bjl3TqPXYD/ecX4LA/iftMi41T",,1
"8AE12A91EA264CC290C1978370CE9362","D02","SCBI","SCBI_060",,,,,,,"2014-06-07",,"2014-08-05","NEON.PLA.D02.SCBI.06123","JUNI","Juglans nigra L.",,"species","Deciduous broadleaf","NEON.DOC.014040","cVPbPdjHNiEVZ3Vlm83FuXHus5z3id4m","HwrR06bjl3TqPXYD/ecX4LA/iftMi41T","HwrR06bjl3TqPXYD/ecX4LA/iftMi41T",,1
"B9AC8BA317964B50B6FAB6415B722306","D02","SCBI","SCBI_060",,,,,,,"2014-06-07",,"2014-08-05","NEON.PLA.D02.SCBI.06125","JUNI","Juglans nigra L.",,"species","Deciduous broadleaf","NEON.DOC.014040","cVPbPdjHNiEVZ3Vlm83FuXHus5z3id4m","HwrR06bjl3TqPXYD/ecX4LA/iftMi41T","HwrR06bjl3TqPXYD/ecX4LA/iftMi41T",,1
"56AD8D8A98FD40459705E4C99391B774","D02","SCBI","SCBI_060",,,,,,,"2014-06-07",,"2014-08-05","NEON.PLA.D02.SCBI.06127","JUNI","Juglans nigra L.",,"species","Deciduous broadleaf","NEON.DOC.014040","cVPbPdjHNiEVZ3Vlm83FuXHus5z3id4m","HwrR06bjl3TqPXYD/ecX4LA/iftMi41T","HwrR06bjl3TqPXYD/ecX4LA/iftMi41T",,1
"E8AEB60E544C4D2A81374BEE1B721ABC","D02","SCBI","SCBI_060",,,,,,,"2014-06-07",,"2014-08-05","NEON.PLA.D02.SCBI.06129","JUNI","Juglans nigra L.",,"species","Deciduous broadleaf","NEON.DOC.014040","cVPbPdjHNiEVZ3Vlm83FuXHus5z3id4m","HwrR06bjl3TqPXYD/ecX4LA/iftMi41T","HwrR06bjl3TqPXYD/ecX4LA/iftMi41T",,1
"A9D6018898C642E8BF6E45EA33B9D2A3","D02","SCBI","SCBI_060",,,,,,,"2014-08-30",,"2014-08-23","NEON.PLA.D02.SCBI.06131","JUNI","Juglans nigra L.",,"species","Deciduous broadleaf","NEON.DOC.014040","HwrR06bjl3TqPXYD/ecX4LA/iftMi41T","HwrR06bjl3TqPXYD/ecX4LA/iftMi41T","b6ErTe8LyzD+v5tDtHiIDpfCV4ODNVuh",,1
"DF1BA660C6BB47B9B3C00FFE8625B546","D02","SCBI","SCBI_060",,,,,,,"2014-08-30",,"2014-08-23","NEON.PLA.D02.SCBI.06132","JUNI","Juglans nigra L.",,"species","Deciduous broadleaf","NEON.DOC.014040","HwrR06bjl3TqPXYD/ecX4LA/iftMi41T","HwrR06bjl3TqPXYD/ecX4LA/iftMi41T","b6ErTe8LyzD+v5tDtHiIDpfCV4ODNVuh",,1
